amount,account_age,transaction_count,fraud
3751.6557872851513,51,31,0
9507.635921035062,71,55,1
7322.619478695937,480,12,0
5990.598257128396,560,11,0
1568.6262180199408,19,88,0
1568.3852581586643,774,72,0
590.2552855603126,84,32,0
8663.099696291603,155,57,0
6015.138967314656,565,38,0
7083.6450521824945,619,60,0
215.63909801506645,357,86,0
9699.399423098323,816,98,0
8326.101981596214,647,19,0
2131.2677156759787,443,84,0
1826.4314223989352,69,56,0
1842.211053435804,523,14,0
3049.380007165782,143,33,0
5252.316752006056,192,10,0
4325.130736234736,387,80,0
2919.379110578439,378,64,0
6122.41041827657,581,64,0
1403.543667913898,535,62,0
2928.525038866829,693,68,0
3669.9548145039803,293,91,0
4566.139142328189,9,92,0
7853.907854316206,271,43,0
2004.7410837620137,387,80,0
5147.20203975198,93,59,0
5928.221542931804,966,52,0
474.03962307277726,529,97,0
6079.37307049537,154,19,0
1713.5359956360423,405,21,0
659.8654139229424,840,22,0
9489.366517160799,149,9,0
9656.664010414848,889,9,0
8085.889507683447,267,73,0
3053.0915540419733,422,27,0
985.7444189237749,840,17,0
6845.487934856447,618,44,0
4407.123412458617,472,45,0
1229.1619660993404,893,8,0
4956.817332011589,547,80,0
353.5413259410318,631,18,0
9094.110816767034,526,33,0
2595.212016184169,503,1,0
6628.59762069628,14,76,0
3123.9936501332154,778,6,0
5205.47953156633,652,41,0
5471.635690639364,806,55,0
1856.6960107000152,364,5,0
9696.15043136794,119,59,0
7753.576905377535,238,80,0
9395.59442622625,546,18,0
8949.325230772212,169,49,0
5983.02078832274,522,82,0
9219.523607880938,634,65,0
894.0400954986758,913,83,0
1967.8687955672606,657,54,0
461.82061621627525,963,61,0
3260.050004325011,958,8,0
3892.886123997925,735,3,0
2720.7768274212203,883,25,0
8289.087716427774,769,69,0
3573.965733668957,780,55,0
2816.535751776934,871,40,0
5431.533870750902,516,83,0
1417.8330074978787,938,82,0
8023.947837732856,397,50,0
754.7609303609105,866,95,0
9869.000496639168,106,33,0
7724.7252452736075,85,18,1
1995.1696585263824,214,57,0
65.16595006478796,121,16,0
8156.459670263794,132,80,0
7071.504865037695,850,38,0
7292.781608729463,197,41,0
7714.990763392598,19,7,1
749.7060708235628,642,78,0
3591.0726281572834,12,53,0
1167.5319046560458,81,63,0
8632.403224497179,330,89,0
6236.748287007304,866,32,0
3315.6712682779653,774,38,0
644.9479193573761,392,22,0
3116.7133939394653,637,16,0
3258.581387047203,307,52,0
7298.76572159726,267,29,0
6379.1991388385795,447,16,0
8873.255298337503,441,76,0
4727.427102367874,895,17,0
1204.746516923634,652,64,0
7135.31542435772,841,91,0
7610.2426356828055,2,89,1
5617.159203719268,520,13,0
7711.962127746065,762,72,0
4943.0180076802635,651,56,0
5232.1009655261205,636,5,0
4281.134773401911,309,12,0
263.93707617351095,740,41,0
1087.8353556631114,522,3,0
323.9775650104752,469,99,0
6367.740008525167,212,33,0
3150.4162509525036,112,86,0
5090.621204735381,8,50,0
9076.58907452167,804,56,0
2500.4293691972607,477,9,0
4109.725401125941,874,82,0
7557.955874045057,460,50,0
2295.6936732613085,253,29,0
779.029299189642,526,39,0
2904.6170146085424,752,91,0
1620.6006596675043,438,45,0
9297.679546902305,754,17,0
8083.122591848525,981,56,0
6337.703527539131,854,98,0
8715.8912959753,661,46,0
8038.684048222153,236,67,0
1873.8348882714981,306,69,0
8926.664394914878,478,14,0
5398.028996737351,679,67,0
8076.327150088985,20,23,1
8961.952086235697,216,94,0
3186.8547149689202,855,61,0
1109.418726031491,135,23,0
2287.0722737939973,905,27,0
4276.806808376301,129,54,0
8181.967511565706,410,10,0
8608.69852673087,422,89,0
79.45178400659513,294,77,0
5112.365552749881,246,16,0
4179.935921456302,701,41,0
2228.8570266025954,556,98,0
1207.4550196634912,86,55,0
3382.7755623222433,556,61,0
9429.667942086066,842,86,0
3238.797290887345,375,81,0
5192.718311216227,446,87,0
7033.159399362827,378,49,0
3642.6597277691467,390,73,0
9718.103006382396,657,52,0
9624.84847647169,51,2,1
2525.305135295388,242,96,0
4977.51257386493,294,50,0
3015.7743150695287,920,86,0
2855.5565388309014,563,43,0
378.5006040717826,266,77,0
6099.54769645917,120,8,0
5031.763442056326,712,59,0
524.2727249873936,917,65,0
2793.6781777237484,248,81,0
9083.57620080687,70,12,1
2403.2232877630545,853,4,0
1457.4997721913187,57,77,0
4899.633075172855,382,95,0
9856.6480365649,39,41,1
2428.1321623998892,984,7,0
6724.634118584727,801,87,0
7618.5799571338885,443,88,0
2383.9990644840727,18,69,0
7284.881322632477,952,69,0
3684.1534958653397,732,81,0
6326.735247629859,825,30,0
6338.961810501338,756,73,0
5362.389093906837,352,6,0
911.994802843539,972,89,0
8354.671930936487,816,19,0
3214.592849067641,298,80,0
1873.3199188945437,283,85,0
417.34366413209153,586,66,0
5913.020502450536,110,10,0
6778.8679748044015,180,16,0
175.71241098928294,938,37,0
5125.809652409817,544,79,0
2272.6927942274,746,77,0
6455.276176190404,794,77,0
1751.9206257598646,25,32,0
6912.468003643635,843,47,0
3873.486109542369,791,72,0
9367.932587479978,738,43,0
1383.8342320184727,57,82,0
3417.2528469920826,180,36,0
1143.6004771934847,232,26,0
9247.689246602842,894,10,0
8774.620140276,343,31,0
2586.8368608744045,477,97,0
6603.240619881449,799,29,0
8174.049780010147,576,5,0
5556.456107878628,455,77,0
5301.209277776505,232,1,0
2426.1043860955124,289,87,0
940.0966503809332,213,3,0
8973.185421953734,258,67,0
9005.176391061672,530,71,0
6334.683558159947,687,35,0
3396.9076125765196,929,15,0
3498.603650380482,229,67,0
7262.297231913692,226,93,0
8972.131496926246,596,30,0
8871.993378408522,803,82,0
7800.956703117662,435,75,0
6423.896145081335,882,43,0
850.5582503005378,758,60,0
1624.6708538051917,402,40,0
8986.556343385522,622,65,0
6068.226305999304,766,29,0
101.87854565013018,88,74,0
1023.7007132316608,584,92,0
6638.3826733894775,893,95,0
60.56522262372468,542,19,0
1616.4724336608115,684,3,0
5491.850555772196,309,36,0
6922.033024950006,906,43,0
6523.09298243098,343,15,0
2250.4504015109924,436,97,0
7124.670421261883,177,41,0
2380.1183840930325,139,90,0
3260.7429846110845,194,80,0
7467.4491371290615,186,36,0
6499.832661481674,218,97,0
8493.741870836837,164,84,0
6579.55279408043,161,77,0
5687.402947321361,943,33,0
945.8109306026438,525,5,0
3683.480872563741,808,78,0
2659.371653140437,601,91,0
2447.456537357045,836,87,0
9730.375441976932,42,14,1
3937.0462694209364,915,68,0
8921.545086219361,210,83,0
6315.074873712656,741,47,0
7950.164922381067,862,54,0
5031.34456012087,275,4,0
5773.269807417328,954,94,0
4930.251761250451,279,83,0
1960.4774481024645,251,95,0
7227.296631462438,310,95,0
2814.9159007841495,720,9,0
252.91650465022386,833,53,0
6458.268236112606,140,77,0
1779.3356872764189,792,78,0
9405.181257685614,546,60,0
9539.746484255847,821,46,0
9149.49525830228,904,54,0
3707.8854155518893,530,74,0
164.4115991233856,57,95,0
9283.902440251377,112,37,0
4287.55964168997,5,23,0
9666.881642246259,410,27,0
9636.563571121636,414,70,0
8531.564460118927,182,90,0
2951.5444317751612,13,66,0
3857.126308733233,339,61,0
8512.8553484534,797,77,0
3176.050831511214,259,51,0
1703.232539394064,90,50,0
5572.444611958918,616,19,0
9362.186193866202,891,1,0
6963.3376687829805,698,40,0
5704.911089192756,250,32,0
980.7931727699777,255,22,0
6153.922194724706,588,93,0
9900.63796254159,898,66,0
1409.439312212875,971,40,0
5188.11322711373,108,38,0
8774.956988560274,668,48,0
7410.278491364503,594,55,0
6973.187252542727,589,75,0
7027.8159990312215,485,81,0
3601.316600685354,982,55,0
2942.982524202289,972,51,0
8095.517943230351,258,60,0
8103.0328128450155,639,8,0
8672.052462615236,997,86,0
9133.273120039148,903,68,0
5118.310564620769,282,75,0
5020.147783925124,986,72,0
7984.968837878084,88,9,1
6503.139668469874,204,90,0
7022.649103804456,16,2,1
7959.96876766665,151,80,0
8901.153364757487,936,95,0
3386.571616946843,254,70,0
3762.0736968730407,188,85,0
948.8795790102813,329,90,0
5787.018608551778,544,59,0
369.06331522945345,783,19,0
4661.324201143277,997,28,0
5431.01990072869,397,72,0
2872.547108761561,517,14,0
5912.424273084417,459,24,0
314.6974968911038,330,44,0
383.10840560465203,820,56,0
8227.779600989987,845,90,0
3608.3045076985163,169,95,0
1279.334521392329,693,51,0
5227.210167947495,366,32,0
7702.235595455122,178,50,0
2166.0520646934633,655,41,0
6232.675853431812,362,66,0
862.6211752877423,760,25,0
526.3003944743909,639,61,0
5318.232769365798,775,66,0
5410.944864884964,40,42,0
6377.924715967083,924,65,0
7263.652423889389,416,36,0
9758.76227383072,355,76,0
5167.840479528941,255,9,0
3236.335164683047,143,36,0
7953.91008573935,752,92,0
2715.6141901081214,740,38,0
4395.324492849305,853,33,0
793.7792496092369,710,42,0
263.2539267204205,577,61,0
9626.857662632472,900,46,0
8361.441403916937,11,86,1
6962.782318876043,620,89,0
4095.439914698556,26,61,0
1741.2102575077492,957,18,0
1572.8060562841497,421,70,0
2509.926552664307,663,82,0
5496.774380414144,221,80,0
7148.813267773623,853,15,0
6605.371793410135,496,48,0
2806.539630489969,237,72,0
9549.104153825308,237,13,0
7381.590197790728,219,43,0
5547.996984588893,487,60,0
6121.090254881179,936,57,0
4201.804623653621,461,71,0
2484.832585116563,663,17,0
3566.167059726103,635,50,0
7580.882643539047,144,32,0
153.79095141126112,990,22,0
1169.5656786640932,189,55,0
469.56639379730996,255,57,0
416.88073516651167,68,13,0
8556.051234269962,616,47,0
7039.542015206436,336,87,0
4746.996552582379,671,62,0
987.3632649035047,821,54,0
4921.242592417155,874,29,0
4739.982990097851,409,22,0
1740.2866804010516,300,65,0
4344.177975887351,908,29,0
3991.0622966297606,602,48,0
6162.342479541642,357,5,0
6354.585572167762,256,35,0
462.5870576227247,353,74,0
3752.3800201184476,732,83,0
6262.3405579852215,521,71,0
5036.3312232150765,524,46,0
8566.33351347134,837,35,0
6590.349379873261,950,45,0
1637.7149265434825,756,13,0
714.9817865302941,694,10,0
6427.768589281093,284,66,0
274.8479923108019,312,70,0
5861.898056921898,99,72,0
9402.900111835326,197,25,0
5758.987036980031,482,44,0
3887.817562803154,878,60,0
6436.449302239108,226,47,0
4587.946376010251,845,40,0
5460.71172526619,615,7,0
9415.233439677486,618,46,0
3867.1653516297347,365,23,0
9612.293732600903,368,83,0
9054.452913141076,570,46,0
1965.9534365450713,590,86,0
702.9193957429029,75,13,0
1016.7722337604922,42,21,0
192.0360382589818,422,1,0
953.4851779517247,836,19,0
6833.237666429405,181,60,0
721.1745981176875,545,33,0
3196.5665466346754,71,4,0
8450.304356584851,568,3,0
242.4866380009004,105,91,0
8146.540141063469,200,52,0
2825.7291999862655,101,99,0
1190.466627940346,768,28,0
6970.404281987865,307,70,0
6293.139039331041,586,70,0
8775.945415135258,683,55,0
7353.359727600819,377,57,0
8036.7744945446375,655,87,0
2827.5253799873517,678,97,0
1782.621042359431,399,16,0
7508.641368892175,773,24,0
8070.279045279967,221,69,0
9905.146368586726,595,41,0
4132.05059234515,182,77,0
3726.460677069904,307,47,0
7766.365477812548,522,76,0
3414.627367127648,396,69,0
9308.26568277961,4,31,1
8585.543390911687,863,92,0
4295.650333476433,914,92,0
7511.201967237059,848,30,0
7547.883312105977,804,18,0
1040.2074496709668,281,44,0
9026.503537728871,215,27,0
5057.471200754093,972,99,0
8266.310086416339,610,26,0
3207.2955142958112,420,60,0
8956.277052677042,101,18,0
3898.1247705542896,963,97,0
118.26813828818062,521,89,0
9054.765944428444,573,56,0
921.9539010934742,309,31,0
3199.9432395282447,658,59,0
9501.119050837542,939,2,0
9506.565397906186,931,97,0
5738.644502351628,510,39,0
6322.053749576295,63,61,0
4489.970764563414,633,63,0
2939.1756092636647,226,96,0
3293.3588082454603,105,18,0
6728.459376209614,974,17,0
7526.221549082424,772,98,0
7917.874646821227,861,39,0
7898.285246517594,425,71,0
921.1489694564168,255,54,0
4949.258843978789,429,99,0
585.0120125662764,434,94,0
5499.793534414118,207,76,0
4420.889708720037,28,35,0
8878.164785755414,682,11,0
3515.640975395266,336,61,0
1179.4994941117825,588,44,0
1438.4869037078302,628,68,0
7617.491210857548,69,25,1
6185.998452529448,866,48,0
1020.2155344666745,746,32,0
850.2269930888243,513,84,0
7012.681623276609,167,95,0
736.9024335782933,864,4,0
8220.381992310658,730,38,0
7065.359849293397,785,63,0
822.6743186125786,368,47,0
857.5287637110673,251,1,0
9866.529389226744,859,3,0
3748.965249603642,856,86,0
3712.71504919824,931,62,0
8129.8676769024505,686,64,0
9473.013288064749,170,17,0
9860.15062759048,758,78,0
7536.248070736827,935,62,0
3768.8332594538483,90,35,0
844.1721598197009,561,13,0
7773.697690115094,446,35,0
5588.458454860693,294,43,0
4247.977872377293,919,2,0
9064.480307096412,150,56,0
1120.862848238452,132,77,0
4931.3247918656825,433,51,0
123.4229112265165,59,54,0
4691.919813521322,969,16,0
572.4697240615551,836,18,0
1196.9909835180385,199,7,0
1184.0872053032779,215,45,0
6495.610918139475,898,36,0
7462.988343861579,561,41,0
5837.853963320625,472,94,0
9622.103759260674,744,42,0
3754.9570894418034,247,7,0
2864.2637419557886,382,15,0
8687.305290612709,991,60,0
2243.722426809332,239,40,0
9632.593169011707,927,83,0
131.42320215126523,367,37,0
9699.089478809314,168,66,0
441.1675203862554,560,55,0
8912.51970584373,51,77,1
5281.734079772135,811,95,0
9929.71831323181,610,80,0
747.2276817066346,951,56,0
5543.004301169195,728,44,0
9693.332330834799,689,57,0
5235.747463259787,380,6,0
6297.692394971273,474,92,0
6960.529402956326,80,32,0
4550.865237030054,697,74,0
6279.305220039794,367,18,0
5847.299976111772,461,68,0
9012.56852480498,911,73,0
464.00933961116414,539,7,0
2816.8222640263807,452,8,0
9504.610725924822,464,64,0
8903.735201070254,960,7,0
4562.010960329272,478,41,0
6205.124652037352,926,40,0
2781.0380179815156,420,3,0
1889.3303856403754,707,17,0
4642.347065350422,214,66,0
3539.9887579802676,369,79,0
5840.724557390212,854,93,0
786.5690232801985,114,52,0
9744.204128585003,754,22,0
9862.245337351233,503,4,0
6984.6355230572535,636,6,0
5365.602699777763,817,38,0
3102.1808867004142,588,26,0
8139.812246872417,311,11,0
6850.464413813254,469,90,0
1634.5432240554642,824,17,0
9110.162573093487,708,88,0
8227.147056802458,863,92,0
9498.501133786322,44,99,1
7259.937888799716,415,31,0
6138.017807398541,698,77,0
4188.247932543282,855,35,0
9327.957548706592,246,16,0
8661.97825610908,949,79,0
461.7345143608322,84,18,0
273.40607522754755,207,62,0
3770.8690351117157,151,27,0
8107.427774510511,668,35,0
9872.888531856295,528,45,0
1512.6647421242465,165,35,0
5945.36584636783,917,28,0
3815.099657743905,975,9,0
9699.444834167885,145,76,0
8422.76804212573,37,15,1
8384.903760064268,333,21,0
4692.244666351753,403,52,0
4154.0468283532755,414,35,0
2741.3366485877555,45,97,0
573.1912115427618,402,51,0
8648.576538787982,206,83,0
8130.881081209475,62,55,1
9997.179556128445,420,87,0
9966.402002368315,868,77,0
5558.762738970248,468,44,0
7692.1842776533,820,65,0
9448.209641525456,19,93,1
8497.977432867341,365,88,0
2481.0075364145446,300,80,0
4510.935911747834,7,25,0
1300.302557363435,761,87,0
9540.969762314637,428,92,0
6065.684598164292,117,47,0
2294.1416269795927,580,80,0
6720.289837214509,507,56,0
6185.101122174379,546,38,0
3588.0455531480766,706,11,0
1144.440346074294,325,67,0
6719.016223972068,55,15,0
5207.873932028895,778,1,0
7725.460733439037,992,7,0
5206.433376108814,42,1,0
8523.293188182215,297,49,0
5523.549319357111,973,96,0
5613.770335638509,231,73,0
8767.769490556866,453,29,0
4040.7938334618466,890,26,0
1348.812132221901,394,87,0
297.53893637025635,522,45,0
7553.821184179454,358,93,0
6206.892418021112,987,97,0
7043.756883311244,444,71,0
2137.5119734740183,128,12,0
1372.35104111183,691,95,0
155.30121002214048,405,32,0
3512.3697124779037,392,20,0
5903.277691677785,193,51,0
3928.518010546326,604,81,0
4380.374471017053,881,36,0
9042.545357992547,743,67,0
3489.0721155627703,78,1,0
5144.75499670651,85,27,0
7838.693597284019,30,40,1
3971.462395389489,725,97,0
6224.646135276456,49,84,0
8625.013450379984,777,14,0
9495.711030339844,145,69,0
1479.264074481089,69,87,0
9266.610375363329,58,79,1
4926.241767864586,697,6,0
2589.861439106594,574,33,0
4596.76620482023,479,55,0
9800.525427101915,820,19,0
4931.254758988767,445,77,0
3294.228586772207,296,29,0
6337.6745346240905,678,61,0
2409.054731594149,171,70,0
767.8746478055525,575,79,0
1297.5084218873858,147,80,0
1289.1779311881467,484,24,0
1527.5079081878205,306,23,0
1396.8834547676072,673,10,0
6412.338700584114,653,54,0
1826.9820431474568,846,41,0
3463.2161604053936,609,49,0
8968.916214961058,446,17,0
4744.876786226095,221,56,0
6678.901807825062,555,45,0
1731.475513304282,945,30,0
1930.9672978986212,804,44,0
418.2774765021238,378,74,0
1697.6612800909238,620,55,0
2793.1174869292668,266,19,0
1778.3347379247007,95,29,0
896.1383122329855,262,2,0
1215.1523522950022,825,36,0
4613.17989264693,897,19,0
2071.273846873867,71,7,0
3649.055911870274,954,26,0
5039.13853584002,219,79,0
6907.044338007359,533,38,0
402.72827701257836,92,3,0
7996.109885101336,127,80,0
6282.724891014169,80,66,0
826.7727291692304,824,95,0
8737.050454826704,238,92,0
9209.515281312813,983,71,0
620.1688189500888,372,94,0
2776.0077049905653,916,43,0
8063.9507851326825,486,62,0
7485.114306932747,694,71,0
1853.3649833702095,25,93,0
2101.399740133736,156,24,0
3711.016306885906,517,39,0
4850.384622058303,632,68,0
6186.365167587656,789,93,0
3695.4472593020264,530,44,0
4630.721814170148,943,5,0
7477.234671956227,710,55,0
376.465196877073,57,93,0
2531.8450739967675,605,30,0
7136.362362986679,19,29,1
8953.116308495122,384,26,0
5121.657646735504,865,83,0
5325.813717800504,193,26,0
1080.6483932843628,237,37,0
4479.649544566312,387,91,0
5330.846491885682,426,94,0
2432.2803313109494,277,53,0
2699.739877184316,227,30,0
3779.06878941518,745,3,0
210.5112657994864,552,43,0
3227.570864175951,323,7,0
2122.365589895481,153,49,0
3281.6985482573673,639,73,0
1206.4236968743196,237,41,0
8906.36753459155,998,77,0
5939.9886110049465,55,79,0
6794.232168253451,980,54,0
7893.82067368731,436,69,0
4989.437567301282,684,93,0
878.3336779933627,109,99,0
5375.694352767292,866,91,0
5872.542769028582,981,27,0
7456.940347101457,184,8,0
4322.278866834497,951,32,0
1284.527224927682,368,84,0
2844.9212989292573,983,64,0
3637.1921410223645,198,10,0
6462.713240902696,371,13,0
5712.0752636424295,373,63,0
3567.4062917194838,973,93,0
9865.287335441868,497,35,0
6061.690445375302,599,61,0
2379.8956494425847,201,54,0
1026.8069014778334,849,8,0
1537.062800451477,509,29,0
2467.1177065612364,322,95,0
1615.2069188629612,275,41,0
1873.8045702725447,211,30,0
2858.1007352515326,504,86,0
1742.0022169946008,903,21,0
8968.686592017988,118,76,0
811.5351191598056,703,11,0
5249.868781806844,554,2,0
4109.864301626719,42,50,0
9823.962382916978,315,41,0
1129.268632658843,788,66,0
3984.577434466959,329,98,0
9695.009628420936,17,3,1
8656.416187680863,283,80,0
8172.549988783307,943,51,0
2586.449242178949,258,68,0
1717.1669980267575,575,87,0
6689.745767045066,574,84,0
9294.466131384583,612,25,0
5572.061301209159,19,30,0
5720.410767804299,529,82,0
2806.991145666239,837,11,0
7697.23440258745,423,93,0
1878.5670480896586,466,17,0
3243.5555716783942,373,26,0
4260.110021778004,758,23,0
5081.027683057706,763,56,0
2431.6732268266514,967,52,0
1157.2198791446433,81,48,0
6110.0942239919095,551,20,0
2893.419226870155,548,2,0
5816.569832011896,424,88,0
1552.0835255892812,429,31,0
4816.589617529627,388,27,0
5330.568431190342,998,2,0
527.7171328560448,921,78,0
3372.6767391572666,709,4,0
1352.8026226203526,670,13,0
643.1159550229497,204,35,0
9899.702721575553,196,72,0
3230.3149112974825,728,66,0
8100.645714087802,285,6,0
2553.860141090001,969,31,0
6818.212195017053,196,10,0
7604.676320297968,307,21,0
5960.431018672364,664,74,0
4721.046123616082,14,23,0
4124.290732331213,837,3,0
3495.193982764523,146,32,0
9295.99615103578,938,20,0
8307.887883799414,57,74,1
9650.61883755846,723,29,0
1251.7292626205917,780,52,0
7311.366077284406,210,46,0
9384.021163642168,529,34,0
1820.5183309949448,798,84,0
674.2977109941072,344,61,0
7413.79528640769,715,72,0
5748.98640066732,611,71,0
8419.869479815137,279,70,0
1406.326042496632,209,11,0
7954.720445480303,641,82,0
2024.2569272769679,335,93,0
1644.922869228388,288,89,0
1651.0153213306194,252,63,0
8147.601455111508,265,21,0
6655.32023475504,271,3,0
5235.423593443502,924,82,0
3594.7165363937897,920,88,0
8773.233402722952,700,10,0
3930.5266231521273,419,27,0
8167.828400321056,726,12,0
4396.957736616482,795,7,0
3775.6748499548266,211,17,0
4632.171058839368,365,65,0
3020.764962899779,76,64,0
7478.617707960749,660,26,0
5032.176697023867,321,15,0
2329.8048245167047,725,33,0
8996.74998701294,433,62,0
3845.073301518382,109,47,0
5440.093082528746,641,95,0
9065.656388535825,522,35,0
6246.137579180781,47,65,0
1177.8114266765572,379,72,0
9398.922914898616,827,76,0
6280.8034501834645,96,83,0
3355.7070904242905,958,25,0
1401.3280059072388,103,57,0
7942.311640810257,892,32,0
6204.52683172585,854,63,0
5339.276308843452,146,12,0
8939.986904679066,880,63,0
7888.086140133062,942,77,0
1525.2320485301843,928,92,0
3124.103457277527,27,1,0
2492.4065067465126,732,51,0
7442.023462801043,530,70,0
344.98902301043603,679,8,0
5703.197951864452,945,68,0
7626.9622705494985,989,5,0
8768.888711249878,82,89,1
3427.3966696719153,428,86,0
8214.360473673409,584,92,0
1115.2110521825202,822,39,0
8466.058394427837,479,23,0
1283.6117366965043,766,68,0
3978.900032698069,162,52,0
7974.980704137741,839,4,0
1507.6750992142502,932,47,0
2300.2214383740884,402,21,0
7225.303158246732,508,56,0
7203.165000095283,38,66,1
6415.06485252412,955,59,0
6942.544960226329,511,7,0
5431.817189042486,393,49,0
2525.472598480458,713,16,0
3463.502975104155,494,17,0
1824.1611908462423,200,84,0
9085.421107722947,255,87,0
5838.084029713544,179,98,0
4014.5056534687624,547,75,0
4625.437978404885,594,34,0
9473.360562722035,389,33,0
1541.9805171296412,398,26,0
5866.436021847804,732,66,0
5063.827902055815,158,63,0
6118.427811992132,4,87,0
190.9207363701967,167,41,0
8722.517850352073,468,86,0
9321.861642011288,960,58,0
5655.680504056198,409,98,0
6969.5417305301535,412,79,0
9225.768817961183,204,10,0
7075.313956790852,194,15,0
1533.8650387134708,235,42,0
5767.120718066463,718,93,0
6071.08331336473,150,57,0
4247.065406310836,159,87,0
7367.077913890981,279,17,0
9344.326477542458,816,60,0
9256.429443938696,404,9,0
4513.88532032728,893,36,0
1141.248077949145,678,73,0
9848.563577633722,311,80,0
8390.591883594881,68,36,1
1255.380185220636,463,48,0
9209.21040734755,88,51,1
8700.264657000662,217,97,0
5193.19219068946,1,95,0
5916.841603091843,135,70,0
3996.0370116626013,697,74,0
557.068771832093,351,80,0
3358.6204440425504,140,68,0
8030.505951494134,618,22,0
56.273909815982556,133,77,0
3341.6567251945303,620,80,0
3987.705248973524,178,93,0
5378.582073349849,810,6,0
9199.357607963477,358,26,0
3469.9964837159528,380,75,0
3476.0624869433145,908,88,0
7377.637468616386,871,93,0
4527.657229489174,658,3,0
2253.8021811704198,450,52,0
4529.870766165607,586,74,0
1417.1616335942006,463,60,0
1772.1059951971708,990,63,0
4988.694049667402,108,65,0
4195.065240550433,122,52,0
9149.31055167032,17,90,1
3630.315052175165,196,76,0
5810.077619277654,327,14,0
6326.320236316108,318,89,0
140.81362131745303,809,72,0
6638.7383464469385,479,68,0
1788.5793090288169,252,28,0
9611.092471519856,503,71,0
1495.1406502535983,999,10,0
4152.094996032967,119,57,0
862.6431841056522,674,66,0
9968.773775941014,710,90,0
5026.928153209114,498,50,0
5957.8963230272375,486,14,0
680.0940091103905,45,16,0
7502.105099287786,314,54,0
2106.956875024902,179,43,0
8981.56235151273,894,42,0
2059.3450084152514,418,81,0
1914.970329430029,556,22,0
375.13118180246784,783,68,0
4725.948781648893,78,19,0
5652.762921293538,326,66,0
666.4293078892401,690,39,0
7757.520890783156,357,73,0
4538.355459132796,416,19,0
5248.6587905825245,963,16,0
4413.219841912899,515,54,0
4013.6229781445068,214,25,0
5600.806909769097,854,18,0
1560.850056847818,74,23,0
1827.4620236477585,563,85,0
8619.238353925039,579,11,0
9461.69346671499,509,39,0
3739.360069634732,332,68,0
2714.7392847041024,93,25,0
6443.555436957768,688,63,0
4093.254369269983,657,96,0
263.60969304684517,519,30,0
1569.9644476882418,269,45,0
7162.562566185501,376,90,0
6592.650179682412,834,61,0
280.68896510980005,4,51,0
2227.501897710165,138,98,0
2318.437217914833,231,9,0
6722.208508551297,600,76,0
206.9082721660979,529,2,0
1050.0447340258927,52,5,0
8001.161692878161,646,62,0
1793.6611739227928,723,69,0
6530.933617440228,325,52,0
2389.445982656798,992,86,0
1003.4195136658582,970,5,0
2439.290188084546,905,59,0
7225.446649238035,731,68,0
8558.407716381795,717,9,0
8303.896447024246,723,93,0
3977.8634608883635,277,22,0
6684.170514340755,536,27,0
2057.7931112040515,486,10,0
2938.5458253075226,516,80,0
8964.394827025986,152,61,0
139.889215872253,955,51,0
864.2302232361361,483,10,0
2086.783688908813,259,6,0
275.05671669945895,324,62,0
1822.5399965470751,869,5,0
5834.585194087224,168,70,0
4220.031260419055,688,63,0
8927.79039365898,310,56,0
8176.261181767025,803,59,0
3424.7553434617807,479,63,0
2601.640099978612,56,89,0
3803.1271575909964,620,59,0
5907.046475722929,473,51,0
2687.9557718205338,296,50,0
6245.247589412849,461,4,0
4100.022405390491,324,48,0
5524.951336711282,814,32,0
4366.904026061814,846,51,0
2951.7129378237573,141,52,0
9485.048536551945,667,99,0
7638.42188365601,262,74,0
1409.730625906861,785,34,0
8685.995079220149,420,36,0
4879.4376705126415,744,70,0
8946.576746671974,241,43,0
8000.554006913679,355,16,0
4257.882909647642,849,59,0
234.4683901179728,770,53,0
2694.086820255611,761,19,0
5420.92580446206,589,98,0
6338.447416063212,180,89,0
2586.297977477691,66,95,0
1402.167179987513,820,41,0
8350.953065624999,348,81,0
9844.177785228485,171,47,0
5261.6449212038315,474,94,0
1725.076065624552,534,54,0
2730.350191928496,367,55,0
193.72285870919268,107,95,0
9143.845077539385,439,19,0
1186.3333180725099,835,62,0
5769.399590387393,227,99,0
2747.811654665188,444,93,0
5546.238245132776,442,59,0
6517.689679635124,396,65,0
8299.120619034944,728,68,0
2072.148504888426,581,28,0
119.84832829821997,84,18,0
1377.4874443873846,615,26,0
9001.18623206257,551,19,0
8740.161874849528,13,55,1
5978.15689068138,809,57,0
6009.163435732197,825,6,0
6653.716378717092,693,1,0
1761.9590734482615,493,8,0
9144.975339790348,268,97,0
4193.51754367181,525,51,0
3837.5538972124796,120,85,0
5193.987875775547,970,88,0
479.1900080827999,353,25,0
1671.1708538732332,57,47,0
7382.955828099441,40,55,1
837.1586925720134,886,64,0
6035.489573569218,336,83,0
2461.0376057163962,640,93,0
3899.0631842793455,173,10,0
2894.050430339292,547,56,0
3563.170437484842,259,12,0
7193.268592790612,888,33,0
2978.2459390755184,517,71,0
5668.382356566003,730,17,0
4765.743517969006,523,61,0
6640.0749419728545,894,10,0
9368.929095854332,839,31,0
7328.3952511304005,117,60,0
2157.25438212166,184,70,0
321.51951926223387,906,17,0
2630.0178025552527,874,50,0
5954.828527695546,116,37,0
523.743876707661,162,82,0
4968.698809540351,579,62,0
5972.460060679723,712,90,0
3349.0964692614384,543,80,0
7711.412915420761,587,72,0
1074.9165488063802,237,88,0
760.6264395407295,839,77,0
7284.605674473997,66,29,1
4959.958248899922,70,32,0
6887.139940313083,809,88,0
4353.925112651425,447,80,0
2471.556312058677,416,11,0
8192.832153565254,532,96,0
7996.164630900103,441,6,0
6950.017743835723,738,35,0
2728.7299209273274,946,33,0
5906.40436202218,464,18,0
3616.1292304308677,921,37,0
924.9049125330752,396,13,0
9173.962618867805,711,74,0
1376.8181228804244,551,90,0
9502.871164669816,657,81,0
4465.597671849978,557,64,0
1859.4779590978103,395,1,0
5423.590464309797,326,63,0
8730.728900405318,893,89,0
7324.926615231516,919,34,0
8067.545867135883,91,10,1
6591.245833440066,750,84,0
6925.842879533346,70,7,0
8493.46455913754,166,56,0
2504.1834085032674,642,80,0
4899.355386794973,214,37,0
2219.882323777826,852,29,0
9876.803399886503,601,12,0
9441.152803469267,335,17,0
403.8738455713739,764,48,0
7058.695973431728,369,84,0
9253.230690982502,861,26,0
1813.947697822062,584,83,0
5683.772853220768,677,12,0
9155.728092904537,49,21,1
349.1203260721304,52,42,0
6977.228469795931,289,61,0
2980.516583651782,790,58,0
9244.717991811538,626,54,0
9710.871869202025,239,34,0
9443.222226243204,133,7,0
4747.4000244080635,999,35,0
8621.80608338324,786,15,0
8447.048491365353,166,65,0
3197.8137277001238,374,90,0
8290.865586765267,373,99,0
379.70627080777126,805,25,0
5966.73608603571,478,59,0
2307.7882845041536,755,79,0
1214.4631889150153,479,86,0
778.7624842757995,832,6,0
6965.924871022617,650,52,0
3405.350888042981,591,79,0
7250.420047572327,682,88,0
662.9098445814343,635,21,0
3159.7504749277973,688,71,0
5399.518010829619,300,93,0
7909.324416741246,82,96,1
3194.3375042913785,87,32,0
6262.654850605721,225,53,0
8860.91770487951,16,59,1
6162.473249941223,822,69,0
2337.2651527888015,358,62,0
253.76380774981482,163,4,0
8702.28775027029,610,86,0
222.48141439536752,668,18,0
8748.269710115152,514,99,0
5294.081968931848,350,81,0
9391.286308143834,909,56,0
7989.844525378917,681,24,0
9979.36176422804,464,66,0
3513.6110363625844,827,13,0
7674.211006421958,837,62,0
4025.2898269563293,375,54,0
4803.95744683605,92,15,0
6278.779577551517,181,69,0
8738.034370721523,743,3,0
9840.993857300959,301,37,0
7685.0514045065365,660,37,0
4183.490153851664,792,3,0
4219.356452747931,189,63,0
7378.447192873026,859,35,0
2395.38368622534,862,52,0
1113.6363901826326,314,87,0
3552.6753548313577,493,28,0
2879.5175266242763,923,94,0
2970.118123355341,922,18,0
2343.7414329886,128,36,0
430.51096446725523,519,33,0
188.56060798680397,426,64,0
9877.346673462955,559,26,0
4283.453606021265,565,48,0
3849.4232051252197,187,40,0
6799.676354103768,550,17,0
2190.356339771991,453,40,0
9500.11222766275,471,7,0
7865.586694011365,988,57,0
903.2159130994726,738,8,0
4181.631950091434,565,56,0
8792.391892546026,911,31,0
9447.87290269119,224,59,0
4679.341097386198,154,58,0
6137.97977821497,560,12,0
1678.6691214598316,351,48,0
9911.774575108395,147,31,0
2324.4002968205996,905,83,0
9427.890423609906,576,63,0
6499.970023433761,349,74,0
6081.290580839803,182,39,0
5131.75822505492,637,76,0
2314.391419060409,179,20,0
1773.5150397350276,39,48,0
2212.657228611052,772,71,0
1872.5182388211026,894,54,0
7798.048890931866,3,78,1
3507.7513390756335,64,75,0
587.8483388683297,29,71,0
9691.335275106705,372,29,0
8839.020990784622,523,74,0
9278.245309120177,97,93,1
9949.12914823789,870,73,0
1747.213539702678,442,48,0
3968.457768837561,203,74,0
7584.8023722838725,411,83,0
6963.2459743573845,993,56,0
1547.420104335152,21,95,0
8160.172918656272,551,17,0
2252.16131264824,735,9,0
2245.9379720780043,102,97,0
5374.374484705201,46,34,0
5933.469949068614,66,45,0
5805.061216299734,603,88,0
923.9535056035712,164,9,0
8775.8340176775,971,7,0
2663.3444254611736,111,16,0
1303.8540636152136,338,19,0
8888.593317891082,123,6,0
9556.958467315237,705,11,0
8622.654896481852,447,76,0
8097.065586501532,611,61,0
6555.867386583827,291,42,0
5513.065132385302,671,13,0
878.9977315149873,412,12,0
4090.44759857628,615,85,0
3733.158284953017,897,74,0
2604.940299765659,281,20,0
7236.966935748964,43,50,1
4963.798593436921,486,36,0
819.6516969174029,596,92,0
2209.6301874786154,963,88,0
6835.755048959363,703,69,0
770.5472863080988,51,37,0
8513.557071347199,898,12,0
4956.5138048696035,210,99,0
4811.059907493213,126,40,0
5928.153768748581,492,54,0
8248.562849592241,509,2,0
3484.6139869429085,960,50,0
6783.381364065045,970,41,0
5661.662320317952,581,45,0
2677.612418992519,777,9,0
8787.513563688028,258,62,0
7976.285955853212,930,86,0
6587.93382823767,188,47,0
8507.311473651476,230,5,0
8674.269067588426,189,76,0
7086.546137383198,415,1,0
8371.763150353083,10,44,1
6977.739902076143,114,22,0
6804.606309885401,76,38,0
6189.927668369691,676,19,0
7529.639229180836,502,80,0
1594.4650018778063,85,31,0
8809.898884397295,49,67,1
8719.716842174868,495,87,0
302.1803575152459,838,42,0
8259.909338141979,689,82,0
1297.4099760597176,387,26,0
3357.8373540488274,970,13,0
7437.647480353162,389,58,0
1615.991361522599,218,18,0
8181.4905709494315,701,67,0
8323.020437797843,981,87,0
5079.602660270753,346,3,0
73.79485845116747,230,55,0
2877.510950417379,255,89,0
6173.099914573665,236,91,0
9812.04991849396,26,58,1
6321.817134896517,584,63,0
2605.437774830956,261,91,0
6343.716973965117,766,52,0
5404.453943361396,271,89,0
7800.655497559925,123,24,0
1078.7365818813146,656,72,0
7612.66874599526,257,9,0
5417.253120974342,656,37,0
9630.290118551356,421,94,0
3425.302938726474,259,83,0
6329.892712408142,948,53,0
9320.960774045074,47,80,1
1034.0721826268857,863,24,0
9372.912587492146,525,21,0
6881.978365785126,888,40,0
687.6922204606673,208,62,0
3016.626033798694,311,70,0
7084.639165566363,747,69,0
682.8325086730292,149,14,0
5825.88289716097,834,42,0
3465.371738960038,438,50,0
6212.946022497096,155,61,0
466.9629177870034,678,4,0
8716.65269346224,90,72,1
9735.154802082196,698,88,0
9689.089774304059,830,75,0
7499.021799111818,358,17,0
1309.5615389050133,174,85,0
7585.049327330936,217,57,0
255.6232954234271,907,90,0
231.01427977468256,456,48,0
3242.866089303917,776,44,0
4891.545472142611,609,45,0
7706.370103899854,629,91,0
6836.1208122989865,199,80,0
4464.568036703716,832,90,0
2743.530396153842,486,33,0
9971.273756575534,533,31,0
4267.55120933737,200,47,0
4519.356373053458,371,6,0
1644.6019737047752,959,72,0
7950.147392011794,853,71,0
6939.885435557071,448,34,0
2215.488431759716,248,53,0
832.9866457022686,788,14,0
6808.188027726384,264,16,0
6548.567030668541,58,43,0
2739.862674712111,302,73,0
9509.1269868816,31,74,1
1519.0683388911934,498,81,0
4329.024662415593,249,12,0
9436.723042474312,605,70,0
4203.075896091962,777,19,0
6388.874217164214,271,41,0
3981.968035648315,606,53,0
2749.4098714632137,666,29,0
9839.936703118685,394,70,0
4099.24672308728,797,59,0
8942.051044754553,502,89,0
2307.246512851951,592,64,0
2138.915993210582,804,24,0
321.0294880162685,84,89,0
6520.151585505092,365,16,0
3691.578173800374,886,52,0
8644.938915897974,549,80,0
4737.366967848656,342,6,0
9682.25234486807,839,37,0
1863.3999018741802,407,85,0
8687.545447876551,425,4,0
7768.2025593895,744,98,0
7711.509227994079,93,92,1
8449.384448887708,848,38,0
7612.629669520559,614,41,0
6265.9410130978395,412,92,0
1321.1363280470518,432,81,0
334.93653311760664,678,14,0
9209.269999678712,159,71,0
6170.336642062173,14,86,0
7967.407536852002,373,51,0
4820.408291610375,225,65,0
1181.9088077343208,505,93,0
1260.606064103479,73,52,0
6858.797219417424,249,95,0
4308.755890045632,511,30,0
2013.2420197363638,603,57,0
4921.029521946954,216,79,0
651.4472813805895,973,82,0
5823.894305124843,602,99,0
2697.2441103066258,541,30,0
7977.61541536551,947,98,0
3110.515969646502,817,42,0
4557.649289327194,939,11,0
126.08919368192535,988,27,0
733.7444090676432,220,24,0
3931.0106285027814,840,99,0
4804.588958824063,727,39,0
6004.2052757118445,221,72,0
2923.7091613059392,389,18,0
6952.86904240416,554,77,0
8602.622747920153,647,45,0
7800.711379044565,42,88,1
405.79206523008787,676,87,0
4810.264403105711,873,12,0
1058.2524823975668,283,49,0
2428.0297084666495,58,94,0
9866.759306738793,814,31,0
1433.530473586117,834,92,0
4993.892652979047,537,22,0
6185.3757858380095,73,44,0
7027.625055735599,885,92,0
5600.8903480342715,923,64,0
107.61076571764475,129,77,0
3271.3484693574787,599,25,0
5181.939317413267,842,51,0
887.7863264568853,426,7,0
3512.7630427797158,948,6,0
341.699056825752,665,24,0
794.9991865786573,694,19,0
3975.263529253945,125,83,0
1335.8303828901728,67,9,0
5679.733074132966,6,36,0
6897.755041681285,637,40,0
8007.861124099738,314,93,0
2009.5009400056529,326,24,0
1683.1509967681068,565,48,0
1054.6327249406586,578,63,0
6367.938192940931,826,69,0
7067.6925076041425,506,53,0
325.54558680816393,82,54,0
9362.760339974462,599,42,0
529.1931236782094,2,45,0
5417.550389657694,204,90,0
7093.514589314655,662,14,0
8710.981546223395,805,29,0
7143.728452002953,404,6,0
8019.263549867221,103,7,0
3401.1074235026326,536,37,0
8150.102886327657,368,53,0
810.3473153829046,212,18,0
8949.21839404467,577,87,0
5480.447837775825,961,38,0
8174.804721925312,209,59,0
4528.659662337818,763,1,0
6439.341175013285,897,68,0
5268.762582751771,117,44,0
7318.579322335765,628,47,0
825.4835204855899,749,35,0
612.9173190657324,478,87,0
2478.561307761363,105,91,0
1603.8513543307515,495,60,0
8719.117830256095,771,90,0
2199.947733706863,46,52,0
9758.893905633122,823,8,0
3375.5889597933574,331,80,0
1829.3579777301059,216,41,0
7899.088086353367,982,3,0
6590.490677253752,960,96,0
4986.975207366859,492,69,0
5558.081873866936,813,84,0
7194.825764939916,922,14,0
2292.262865899674,845,96,0
9963.375821406851,449,26,0
9748.183689846364,536,70,0
6506.753606605899,511,58,0
2003.4290847821599,458,40,0
6805.4801418886,547,51,0
731.2621057019667,536,5,0
316.2184970360026,540,77,0
2584.2520562270247,484,32,0
4631.60333782577,976,80,0
8684.042329029722,16,1,1
7274.419006965417,571,77,0
7429.638146787811,977,54,0
4260.678411136273,243,11,0
3465.8905755441597,950,53,0
3716.677242216181,207,8,0
9876.619141723218,912,25,0
410.6908222107,271,40,0
8671.644646263261,761,32,0
5790.96733163821,994,88,0
4391.768037704009,779,28,0
7255.3240275472135,705,78,0
4871.822724832781,847,3,0
8735.498148435789,730,91,0
9008.011621472473,115,84,0
4222.99205946582,580,79,0
2775.509694378165,299,62,0
5927.579782647688,837,27,0
9124.509822710743,483,45,0
2114.515268166609,397,92,0
6233.436169799193,394,25,0
6319.28659872428,75,61,0
7333.799093928657,978,44,0
1324.3611744213254,482,97,0
7161.091397174065,103,46,0
9091.234881449753,297,14,0
1805.0342576137173,178,8,0
2383.0578159895376,215,48,0
9714.23698947598,967,14,0
1817.9597575678029,315,65,0
8545.307082762096,39,80,1
4927.855785915867,259,82,0
2479.8384332877386,716,7,0
8708.79151371239,7,79,1
4458.599497476628,49,88,0
5153.025365757605,538,49,0
3598.7413603036593,161,55,0
5933.579005834925,869,13,0
1643.6034871243774,176,73,0
3916.9045511510894,591,56,0
9694.429100129522,2,56,1
2588.752992684264,895,15,0
6570.799278767509,455,57,0
3258.6487416047016,928,58,0
7736.996525609141,644,35,0
1317.4278705763147,276,88,0
9698.512240334661,498,97,0
4543.3575184225565,629,16,0
2368.144128831175,676,8,0
744.2325058268265,800,93,0
1705.881471824532,28,87,0
5202.541746074617,333,45,0
3376.66173254855,1,95,0
8290.544825167268,188,40,0
4314.566361381441,56,54,0
2494.655583150423,547,14,0
6175.27841617426,112,59,0
7070.704396685604,798,94,0
1678.748659930489,310,53,0
1684.5159707202934,36,27,0
376.3475550660943,439,47,0
7366.6561305057485,729,80,0
6641.4072309418325,592,6,0
4751.56244874064,826,55,0
8443.26278520228,595,97,0
8058.644827971031,577,44,0
5857.690100323554,325,18,0
8684.030092327454,640,16,0
2066.3536882673147,307,12,0
1128.0769977833015,534,20,0
2704.7986190547263,728,45,0
580.2976923322553,619,64,0
5316.38358473031,109,59,0
9366.690866026665,372,93,0
403.0419712784114,357,94,0
1229.8780409601677,181,90,0
4527.468292551518,356,22,0
9339.41142510377,676,97,0
3168.3994887177378,68,47,0
5077.2757387970405,292,29,0
425.31286191341707,692,86,0
1491.9485776112676,181,45,0
9866.43492835888,466,77,0
9651.535777396095,434,9,0
59.35040953475206,464,24,0
9518.599736378157,681,15,0
6394.808178776849,914,36,0
8680.50376225502,534,13,0
4552.851157782253,66,91,0
5160.80432550671,21,44,0
4893.5773367666325,612,71,0
6671.973932885582,384,72,0
1405.116035015566,812,78,0
309.4361628280528,615,76,0
3086.2201164959974,559,36,0
7049.760819739101,39,61,1
2026.515986708254,285,81,0
6737.590008915924,822,40,0
9699.421340611632,602,93,0
948.0681507362897,597,27,0
6729.295161069012,785,1,0
4443.064690852666,336,34,0
8682.741121231278,188,68,0
1779.7263965793852,671,88,0
6929.333262739384,243,21,0
8382.77174358462,73,33,1
9446.696052545492,479,7,0
6835.647802613562,974,65,0
4976.775892444189,561,3,0
6182.293929610127,101,51,0
8690.360794942395,514,79,0
5710.391368921909,756,95,0
313.56672637140025,176,54,0
9310.177468114709,238,80,0
6898.372242805296,910,74,0
6768.368723914693,59,93,0
2164.5947724531948,865,59,0
6592.265847624245,99,6,0
3944.7054124850433,954,29,0
6515.817440644506,871,17,0
1074.8643727768274,954,60,0
6581.87459298433,495,22,0
9994.143120448958,947,24,0
491.6382682169547,980,81,0
9771.97010037096,514,85,0
4075.010527621477,755,51,0
8708.826968869218,297,50,0
7826.030985742152,211,11,0
5674.492447256811,123,56,0
7387.107600420752,229,71,0
8786.370457400466,594,42,0
4047.3618132938195,656,39,0
3277.0612840167546,388,69,0
6679.257921780211,140,48,0
8080.380959993173,541,57,0
7625.228496418391,391,21,0
7980.158352097758,270,82,0
4361.477314981201,759,99,0
8180.163819588466,12,20,1
1210.8884631523783,867,15,0
5449.446088628887,389,69,0
67.52901837623449,337,77,0
3252.6124407037,506,51,0
3670.9507333652646,106,76,0
3967.7651891764613,32,62,0
6957.717394831723,74,85,0
3891.695431690754,171,37,0
4492.449289999081,849,6,0
2383.0658674345314,69,71,0
3738.7853983771074,813,26,0
2280.423576358883,362,8,0
741.2272784467519,649,73,0
6038.451447879966,433,91,0
6685.445857564612,929,4,0
6198.708556636049,996,21,0
4640.305497567718,100,31,0
3804.059943990506,658,21,0
8634.703159222534,9,25,1
5195.627033510818,574,15,0
4797.026957521012,697,35,0
266.1642374062925,29,49,0
3419.0657979853017,893,43,0
3808.154231670712,114,41,0
3994.239581160036,462,37,0
5805.921968581049,921,57,0
5340.689441801515,143,42,0
6082.971877006512,390,47,0
7651.1837828058615,632,92,0
8131.727529773774,682,61,0
7184.049531502679,157,14,0
9555.681722589798,335,68,0
192.1435009368527,861,53,0
1965.8220769786255,260,84,0
85.55312103163978,82,34,0
6478.272394404484,754,76,0
8981.32518401037,441,97,0
2442.3881427972296,945,24,0
9271.075102515104,172,20,0
612.0712289927129,231,69,0
9345.015907787089,720,30,0
3522.7106455239477,75,88,0
1023.194076207673,270,7,0
4863.858874271393,899,36,0
2575.1979115278746,626,38,0
2855.880290599609,62,80,0
3079.8267496136027,874,52,0
8032.228719348308,320,15,0
5396.221153985793,102,46,0
3119.9639145684764,429,23,0
6107.234495276074,874,12,0
7164.345235489704,722,93,0
2733.5137673280024,954,44,0
4141.355524238262,255,15,0
1227.642072436106,532,93,0
1819.6820018514563,570,49,0
6814.3673611101785,112,21,0
1822.569093479313,985,15,0
5256.382202833931,313,14,0
7093.372154607103,998,42,0
1077.700461716491,461,80,0
5677.449074092747,708,15,0
2573.062209176624,887,63,0
9629.639483623423,462,68,0
4840.621010732048,865,27,0
8061.86557225383,92,87,1
5506.763156141055,52,93,0
443.69120321964346,805,53,0
6335.1822421842835,520,52,0
9514.519388644503,812,63,0
6020.102083261849,98,73,0
8193.696705673634,236,53,0
8843.222568850593,901,57,0
2288.5169217698353,374,52,0
2128.327950683184,581,43,0
6113.700078621408,927,7,0
4116.17441336898,557,42,0
8400.214415638537,649,4,0
9001.231002746132,234,69,0
3540.679579234154,32,5,0
2376.336884155076,289,75,0
7807.449897286179,638,92,0
2755.3122951258797,579,80,0
8227.917041951647,542,41,0
4243.145153951141,114,94,0
6678.82349392179,204,4,0
964.3977852083351,29,2,0
6242.354653518964,643,67,0
4523.159110584919,474,21,0
5870.218547122986,697,70,0
1688.4619353711855,253,43,0
7371.36871199238,798,82,0
8629.342804656853,905,69,0
2175.2306029068486,922,9,0
966.1884096464156,386,84,0
246.1494746029006,62,28,0
6423.295289428227,515,26,0
6074.869420526919,430,82,0
5471.507153013559,580,83,0
2327.1514901985943,537,3,0
3915.1508990960915,691,73,0
5948.818588509868,141,95,0
4972.7009200031025,743,49,0
9877.977346946724,300,17,0
1373.033128041764,675,63,0
6954.494094935462,311,55,0
4049.144493361878,471,23,0
4287.714153106891,393,34,0
7178.801678925181,642,69,0
6927.437151730453,445,15,0
9912.64737708486,758,47,0
1292.658951646711,809,3,0
1050.0553973478218,172,83,0
7246.144783116124,576,28,0
5788.085300894027,31,3,0
2748.8650589324607,47,4,0
803.3994961999762,130,88,0
865.7259134683411,352,31,0
8942.966837894543,978,45,0
1926.7545739402417,845,59,0
3240.481905534052,622,45,0
2274.2974582476104,581,75,0
3556.4130952610535,58,37,0
703.5441890334728,106,65,0
5195.407311173621,812,9,0
685.4495102862269,330,17,0
8005.561513145392,768,65,0
2344.783698285226,824,3,0
5404.719026899061,683,26,0
8801.990084738967,383,53,0
6512.26491678147,985,31,0
5334.24828764784,162,26,0
3250.0941936226022,997,23,0
3336.6891114513974,286,30,0
6698.174682429919,71,10,0
9941.452218599463,767,72,0
6621.773506595292,454,89,0
5582.256339526549,886,64,0
7309.198597290068,567,22,0
4657.4040667143445,835,15,0
610.8220025818443,397,56,0
5627.345190620319,515,74,0
9576.676592208749,26,20,1
1761.2763941530197,313,47,0
6903.148859298451,126,87,0
2017.3275497039742,408,53,0
5362.918567886082,565,53,0
975.797731970729,198,1,0
4509.205653219269,811,2,0
7564.071655663508,188,58,0
3482.239527147431,698,19,0
6652.468127627308,817,62,0
7956.545108289394,810,78,0
9272.506416599732,716,72,0
2354.0743977359807,484,12,0
3999.1659989349882,450,26,0
1532.63597317087,523,27,0
9924.910186562169,871,29,0
9270.73966956371,354,15,0
5404.17173150279,986,46,0
8421.91261082045,658,1,0
5214.370192947701,597,60,0
6239.62102314757,100,92,0
900.353076839006,616,57,0
7555.1515007631115,948,3,0
1285.8577015159958,558,18,0
8262.415626222759,556,52,0
7822.460595827155,278,60,0
7090.359530452334,693,34,0
371.2422014423735,699,96,0
3038.252275893833,990,93,0
2638.4945734093203,626,89,0
3607.7627106404757,491,60,0
885.551040170747,255,26,0
9370.208652080317,381,72,0
5542.4843847166385,892,19,0
3062.1878634736554,542,22,0
3975.845355572091,264,93,0
4477.553379643308,610,33,0
6009.9373902725665,825,38,0
5161.637482688013,879,35,0
9194.725812412029,329,67,0
4974.665194229245,115,83,0
9921.658568084893,276,10,0
8515.735327873506,488,91,0
2093.0200384297846,281,15,0
9306.646194292724,275,11,0
1172.500314875906,773,90,0
8176.322587827004,843,24,0
3812.426701831035,719,77,0
8780.963461246245,896,96,0
8681.886334173429,328,4,0
8061.194747175035,211,13,0
7902.404058707543,727,73,0
3053.7445995894273,923,57,0
818.3836376820093,552,98,0
4035.771985863963,992,37,0
1743.5099047152216,26,48,0
6952.561378135592,27,71,0
3467.5362681124775,702,1,0
9756.34590659055,83,60,1
6413.311052679866,896,12,0
8226.580830707266,946,21,0
1333.9214806910659,682,11,0
8621.524677903499,413,44,0
9228.34433322881,167,58,0
4875.74856900117,700,44,0
6066.466848132264,169,78,0
7650.449911020924,801,98,0
1756.6378863315213,979,34,0
5030.635103869789,229,25,0
3992.643647445408,979,4,0
1472.2761817008686,609,64,0
3681.668878692399,367,90,0
691.0413707610808,528,16,0
267.860950425375,791,10,0
1360.3112286566793,647,66,0
9631.519964775847,538,35,0
5499.800063591219,864,83,0
9658.563389920668,524,6,0
4330.653804518019,72,19,0
3125.043169521743,645,59,0
5066.357209774039,106,53,0
4400.721769442772,732,8,0
1065.5901957748217,885,78,0
6411.854883755161,965,10,0
2168.2214432709,689,67,0
6199.683669429318,282,38,0
6505.5089130575525,133,29,0
1528.7282827551946,534,15,0
622.8827748355749,975,87,0
7809.808244823714,269,23,0
4603.406233455508,412,82,0
591.0563170997032,673,46,0
9948.714508525974,619,83,0
587.2278043537027,791,28,0
6953.401936296947,865,26,0
9836.952463381502,747,10,0
2399.409241117097,18,47,0
1431.07119318509,754,4,0
1222.6355448300646,117,55,0
3039.7187242002797,798,66,0
1019.4476519963605,794,67,0
6924.691803524378,144,7,0
632.2950633193263,717,55,0
5099.1270602163995,551,80,0
9967.001569991238,929,31,0
8141.562992365128,666,74,0
6156.042187927798,688,19,0
3069.4736716582506,961,28,0
6242.719404553468,753,81,0
5275.1442244774,422,28,0
4266.573005064811,898,19,0
1315.7966636345927,369,87,0
8867.176110252263,646,20,0
4503.348641725012,558,13,0
1954.278893089443,50,77,0
3683.915915264123,678,43,0
4147.156227763981,106,11,0
8277.103576713074,216,48,0
7338.807661808406,658,15,0
7695.355887476984,923,17,0
120.20233164218567,425,54,0
4167.3784418158175,72,50,0
4818.628074836883,988,28,0
201.7308454623363,842,83,0
2605.533955362892,785,4,0
7605.295332990128,759,22,0
1379.7259602327006,446,86,0
5357.748213211391,925,39,0
2159.8667014522025,186,34,0
131.08653869249378,70,97,0
2419.6025614194195,974,44,0
9758.978811551437,150,42,0
8017.355747711066,246,40,0
9596.170676767124,774,97,0
4883.661898824361,538,12,0
1106.26462478826,935,2,0
5484.115294847193,652,28,0
4549.229572254009,99,74,0
8445.127256568763,910,86,0
989.8449820346034,278,81,0
4887.528958847564,563,90,0
1508.9861602929027,663,67,0
3253.5125096316992,944,71,0
7376.197203104119,455,72,0
4765.421112393978,104,84,0
3765.1239686062354,946,76,0
3950.818022914653,601,99,0
4599.873216375807,653,81,0
7852.315272932198,725,92,0
8921.926042512941,233,10,0
9553.793518174243,394,86,0
7871.164828690398,501,57,0
3160.9148885226473,695,97,0
6884.465713804556,251,86,0
4381.655209313365,521,37,0
2554.159514240051,79,77,0
8410.307078464966,52,91,1
393.87922613362673,898,64,0
9018.60230143288,921,79,0
4620.159871601094,781,86,0
6375.642753314722,226,94,0
6596.945682835769,51,40,0
8952.226229658298,186,98,0
6370.330124850401,34,60,0
6143.196511753017,803,98,0
675.8538852012928,742,48,0
5188.896139232589,131,99,0
1510.188318162246,632,19,0
7376.963349527641,443,72,0
5127.096988918618,838,33,0
6805.475514291449,759,44,0
426.3122770178188,432,92,0
857.0722402975741,704,37,0
7166.070646746196,497,89,0
730.1225166267469,403,36,0
721.8547103749333,323,81,0
130.96366759652562,210,88,0
9565.448969011806,615,21,0
7377.70851099548,329,2,0
3538.9815709356208,372,31,0
2972.3904570636755,460,97,0
3503.535265161037,133,30,0
7748.788776500007,835,76,0
6617.09240459344,651,44,0
1860.1037229960048,121,12,0
1749.3522599875025,606,51,0
992.9725406368392,452,49,0
6606.424169816368,965,24,0
7646.082895595142,129,24,0
2657.81381896679,91,60,0
219.24016069881898,604,11,0
830.8949580895091,575,13,0
9678.921748101855,29,91,1
2961.4933269994285,722,72,0
7694.539246902955,524,74,0
6250.389052854095,333,72,0
3825.57700013243,297,64,0
2064.8157493335957,130,20,0
1222.6503174124703,293,72,0
6153.979550708277,173,73,0
7748.5914685715015,720,71,0
6442.603492875895,944,78,0
5307.718311159091,24,28,0
429.0927220820463,99,2,0
9685.202888167894,406,43,0
7989.1547746292,356,8,0
2935.292146642638,139,13,0
9799.903590294918,503,85,0
6022.797080466858,826,92,0
5828.402355490392,174,35,0
7483.251062501025,29,23,1
8119.580183020475,931,46,0
6568.221287241711,496,15,0
1289.6765061983383,655,2,0
3389.292384885039,828,61,0
9281.555566857236,351,76,0
2253.909962320081,554,64,0
3727.9485681367582,299,52,0
4326.448060612518,720,36,0
4399.6558470475775,842,67,0
6133.26642912031,945,69,0
9431.327619069629,192,67,0
2414.5201912067246,672,47,0
1223.7987492461714,64,83,0
1982.7301937007737,755,2,0
8870.379753090603,770,44,0
6461.650018425508,664,64,0
2866.2088244992096,215,81,0
8161.309920296487,834,78,0
8615.086263670726,166,28,0
8466.678243515878,543,91,0
9190.07607105915,883,54,0
2529.887791531882,232,74,0
7552.86886817532,794,67,0
4610.789577768659,541,36,0
8421.565543371715,195,63,0
7287.621864844516,506,25,0
7766.709990532249,334,86,0
6565.056758433904,768,48,0
1782.5134070023717,793,39,0
5454.818919780414,304,47,0
9846.850697849837,833,94,0
9374.506784306219,437,21,0
441.3056206121466,323,30,0
1656.5000091370769,502,92,0
1325.9704468110735,858,31,0
7262.539300753102,914,26,0
8179.675445270881,393,22,0
2142.9785494436123,806,21,0
5063.468402588772,599,1,0
8408.623249831888,149,37,0
7330.687432214843,761,77,0
5426.949682863565,833,85,0
5907.573427683141,405,46,0
5088.521863693637,283,9,0
2982.5090286750174,362,17,0
5654.569708661571,379,47,0
6891.964167480406,198,85,0
8734.49592944947,556,95,0
6366.550626252688,356,59,0
7613.604155061148,540,54,0
1609.1156331961843,429,86,0
4620.959169453701,17,12,0
103.22288207266203,639,64,0
2474.321856571014,379,6,0
7267.3525339789185,680,53,0
9918.18141398014,506,16,0
1000.7892148762869,756,90,0
4020.92821545427,899,5,0
8002.708977304604,76,73,1
2048.315989942699,231,46,0
5555.29864352984,716,14,0
7333.382247336452,962,44,0
6163.694648099188,248,63,0
1888.367098808007,302,94,0
3560.291841170537,726,52,0
7840.079927009118,215,26,0
5546.7228761788465,158,53,0
62.24383929369824,69,29,0
7612.297692680658,393,19,0
362.76043585298834,85,47,0
7459.880489485009,267,8,0
2032.7807960507218,69,23,0
9581.154066392608,611,35,0
3685.728105507824,347,95,0
3276.0468472174102,962,53,0
1497.3916228211224,728,99,0
3062.986112747247,927,96,0
8767.741110663723,673,58,0
9963.3800328962,423,5,0
3689.412209763415,606,16,0
4491.620203235881,174,17,0
7223.488672645343,677,32,0
8863.095846846094,115,96,0
5934.5128985259735,220,52,0
3921.341724796515,956,20,0
4132.092190077751,31,66,0
6959.2252835031,523,84,0
42.15045340674403,343,82,0
6199.697481223809,377,1,0
3561.3751743091602,130,58,0
7944.031339458072,617,93,0
938.9764918330902,539,93,0
5886.140646814421,739,83,0
4814.919169962376,2,44,0
6426.832003793222,871,6,0
657.8874088848538,101,50,0
5804.0380364070315,533,72,0
5619.231033715642,58,88,0
5610.994343217548,389,20,0
6038.8417892985835,692,14,0
6767.914692891359,941,5,0
8051.84010681089,341,41,0
2705.508994080861,861,40,0
8252.24360769882,20,34,1
4987.574265811902,255,80,0
779.8122085519683,317,45,0
594.9237831473522,38,71,0
3349.0408037736474,660,80,0
7851.120801343561,537,71,0
7079.7325380617485,386,27,0
7888.263497077341,633,78,0
5177.517873851678,928,78,0
4407.587989575351,26,44,0
1483.0507417957767,454,33,0
3288.6456085570226,681,33,0
4345.8534680770135,323,44,0
895.1182924993761,737,20,0
2213.9134075850006,513,36,0
5986.27068769675,819,7,0
7359.274511249507,773,32,0
9983.491638815567,13,67,1
9331.80218012214,915,39,0
6429.226343356563,908,93,0
4218.26805240778,560,24,0
6365.411873435245,921,86,0
7858.659664621518,825,70,0
1192.1785473246393,371,88,0
4104.9498480659195,291,87,0
8399.624833499816,332,54,0
3844.4911898111095,606,38,0
5723.003989559594,261,74,0
5881.815915013361,994,80,0
1852.9177688050572,790,75,0
3628.732062106361,871,32,0
3351.767774531902,205,45,0
271.7051182353273,697,61,0
251.6757212746389,687,70,0
8318.653466320977,950,88,0
2737.977391628396,387,97,0
5185.606874725766,892,53,0
2994.2684801518426,821,51,0
9407.385658702251,468,76,0
2600.3746210690797,415,56,0
4302.271559261962,69,27,0
8728.575202341173,472,38,0
8420.916332250168,104,62,0
1869.1531642843104,758,18,0
8028.406664859147,161,64,0
4587.286998511548,200,77,0
4834.859032132698,216,30,0
1343.4649244352784,946,49,0
815.2091224336752,212,41,0
7282.113676667915,508,13,0
4969.646912029444,16,34,0
4374.138519125644,498,94,0
7297.787204237443,884,25,0
7657.473860921186,332,66,0
1597.4925950168422,717,18,0
6106.149243281637,877,5,0
1362.1872819540783,551,19,0
7516.237109430166,601,42,0
6572.982011108724,942,18,0
9566.580064623746,256,32,0
698.8905834006476,992,21,0
579.9766643010306,766,10,0
2829.0488761850693,728,37,0
2624.4397805217004,880,49,0
2477.3182027292783,815,86,0
9063.483259405157,172,13,0
2502.966536496566,649,55,0
2726.7777640250238,498,17,0
7596.388641555457,471,9,0
4502.901026080895,384,88,0
7769.338463982261,690,44,0
663.0079140682086,589,78,0
4880.836224797109,700,46,0
345.7998658309935,507,8,0
635.9055025189916,992,37,0
9065.310158910665,527,19,0
1401.0612574647757,804,63,0
5328.8826159294185,831,92,0
4116.845069981058,325,46,0
3479.959829325838,214,94,0
8999.335123415853,208,71,0
228.0157337871401,169,26,0
6641.258964894135,330,46,0
9634.310397793368,280,46,0
5606.080152783801,978,75,0
9368.856395710587,305,14,0
532.0562140673775,146,85,0
4193.745257550872,775,63,0
2608.976331710891,516,72,0
7310.9014401574905,90,3,1
9813.157934067494,453,28,0
2572.735323818036,60,29,0
6545.204268726004,311,87,0
1988.995351269804,528,18,0
5657.649243170383,227,35,0
4644.685542016478,474,77,0
9720.333243019055,978,76,0
6089.187454237701,541,47,0
3501.5686571473198,663,5,0
1149.8168910304544,757,75,0
1520.9558190619962,782,59,0
2260.9161302128387,79,75,0
2517.156946789577,433,59,0
8507.654417832966,801,47,0
5616.615654942424,153,95,0
5238.675204629921,789,95,0
1156.5410299734826,401,13,0
8602.795536560856,279,78,0
7230.914889052752,57,89,1
686.0069353810159,977,33,0
7081.272621325389,186,97,0
5439.9467912530345,398,62,0
826.4362040103148,605,79,0
4588.423408871278,788,16,0
4852.115908429169,158,44,0
1666.0876562311248,787,58,0
9457.524488532821,693,6,0
8501.253961091812,359,89,0
6693.533149917792,440,15,0
4628.332654396066,589,4,0
4123.53776042924,466,56,0
6513.224936838032,663,64,0
5458.864375374986,446,68,0
632.1083277600372,750,94,0
5129.901461215613,801,34,0
8065.972136156067,743,91,0
4597.806377193611,488,95,0
529.0462097671415,530,56,0
7864.919211846491,73,32,1
2021.6241835383842,929,9,0
2593.6221405315073,928,63,0
1655.416470788636,701,72,0
3308.8484980662606,950,78,0
7569.947541829464,17,33,1
5198.664736444334,531,87,0
2056.7639287656184,731,21,0
8779.522480738888,326,55,0
8797.022730965777,995,76,0
8707.078466209608,632,57,0
2395.574151701577,613,2,0
4517.881048368071,546,13,0
9850.046664847341,596,4,0
7722.404638336804,921,84,0
281.4025380433426,708,50,0
661.3938666923156,842,48,0
4644.674454355204,202,78,0
9093.109856556986,344,30,0
5391.630961547615,853,29,0
4983.1469552625595,523,8,0
1063.6822625667396,859,12,0
6571.233246195698,400,41,0
8222.810574396253,218,26,0
3810.3958750005477,445,50,0
7758.3623907440215,765,2,0
9645.121772469109,222,55,0
2045.626926685614,383,56,0
5238.0630156354655,881,14,0
2878.5082012649095,592,6,0
7930.615646148055,7,95,1
5780.157725152763,272,81,0
6349.478351327534,739,89,0
7981.162454562782,16,61,1
3965.7450218979243,424,96,0
9151.749783386362,524,12,0
5334.958383788939,803,13,0
1587.9686801251266,753,19,0
6962.0321905063365,21,44,0
7934.680890878161,690,89,0
3174.4491539045916,939,95,0
8573.220777417542,228,59,0
9062.371115110007,785,37,0
2776.2758289043113,288,25,0
9835.379512425068,809,16,0
1415.7081652070965,134,38,0
2028.1365273408749,984,43,0
1850.406143987881,283,87,0
8940.957202978625,404,14,0
6546.382597726369,665,6,0
1529.521789390506,66,89,0
4408.830949499807,649,23,0
6156.827270447322,604,60,0
843.8062090439391,437,12,0
8825.339520389314,829,13,0
8037.999319060937,934,98,0
5057.015668030616,259,6,0
9671.594886439112,980,63,0
4183.432182958246,966,38,0
9841.262087174613,103,50,0
6682.520788048235,993,52,0
6350.366019806876,567,40,0
1667.8894040048922,769,8,0
8820.458305463393,101,61,0
4280.621982326946,198,8,0
1630.7117237669688,813,97,0
135.94912455783282,226,34,0
5601.959279547442,943,79,0
5278.7222250055365,463,60,0
7196.342687467894,237,57,0
8903.677949647843,26,99,1
803.2717805838649,121,46,0
7317.64993850022,910,22,0
1882.2453215348464,506,87,0
8583.188761040068,182,40,0
8192.444503477946,711,45,0
5412.529612305589,814,55,0
7105.325558246882,767,51,0
3150.3576307056464,634,86,0
4716.967310338819,543,5,0
8218.152608127612,984,95,0
4598.059319760407,315,13,0
3584.4046706011636,991,28,0
4947.182348030496,797,84,0
8284.210031847811,618,97,0
3358.7283932350188,736,80,0
1745.8783154260805,273,62,0
7123.0200631045,910,93,0
8261.522344953737,232,87,0
1015.3684104500979,420,24,0
2406.342386431888,768,98,0
1428.300177712329,442,7,0
3485.9347017058444,496,38,0
4509.006279265072,24,37,0
7490.775106263432,109,68,0
6514.964372967925,703,98,0
6213.076389109528,502,42,0
3530.2257166304476,859,86,0
8416.061055316752,25,5,1
4718.158802307664,187,64,0
9791.258330771394,288,50,0
6345.079961574411,628,87,0
1271.3847682293824,338,15,0
6765.013845133586,878,95,0
3257.789114162673,914,73,0
6866.408694894113,37,53,0
705.7150701424333,794,25,0
1757.0655573878344,137,89,0
8558.815216468805,508,85,0
2279.5237746649136,227,9,0
8372.040841176971,320,38,0
2799.96812365956,840,22,0
6432.39028148649,916,87,0
6944.564229363212,182,49,0
5131.420983919079,874,68,0
3060.0536602003453,86,93,0
2134.3173199472503,467,15,0
341.56165207863796,926,65,0
3046.4245483948307,53,54,0
6535.096277407517,860,30,0
9383.665136300342,867,93,0
8713.33277780789,235,20,0
7662.987117587672,959,33,0
7886.588959100453,779,86,0
6653.199185725192,799,77,0
2610.26570708437,433,7,0
9072.87835675124,496,8,0
6710.615795939282,999,28,0
5608.801903494595,100,45,0
1118.7847974426759,990,73,0
4476.08488262619,599,89,0
4608.979129307244,403,80,0
8646.990459131473,396,74,0
5471.0157196760065,527,11,0
3810.201484214392,415,31,0
9768.235281821488,939,12,0
1116.0987273298936,613,95,0
4231.258798836327,677,78,0
429.82650496233884,463,51,0
7401.642166461635,541,44,0
9181.584756469514,626,96,0
2807.5729222093896,619,50,0
8584.833351223218,922,17,0
2929.260122314359,364,35,0
9108.593914822713,130,1,0
7542.0794169318715,84,29,1
8051.018700645972,271,51,0
189.88549044854045,244,64,0
9628.47546716952,388,4,0
7269.44321078253,214,87,0
3054.4634429074717,818,28,0
8295.652701939882,166,16,0
2822.39677216515,791,63,0
8728.810857265618,59,76,1
1134.6781002152509,602,53,0
7039.822914833349,883,85,0
5411.577781682654,843,17,0
974.3793572524537,924,40,0
2426.5193443058015,504,13,0
133.91632241037473,706,52,0
4692.991974990413,123,58,0
3019.6399549924035,648,96,0
5987.591268134611,413,37,0
2979.4056990090858,139,79,0
3006.191923954777,229,76,0
7434.500055328718,274,61,0
490.9469314237509,439,79,0
9029.921001967952,562,34,0
8524.116105167903,910,70,0
6681.368785431801,118,17,0
5936.283485372769,714,20,0
8924.101956415127,995,73,0
1861.4484934918573,905,59,0
798.9019302863778,483,69,0
2402.706597396286,395,87,0
7947.837004214901,703,33,0
356.3559645975684,876,78,0
5832.240282484061,460,17,0
9954.420786751187,835,57,0
8558.40397743702,693,83,0
5219.242433545459,935,97,0
645.772683773557,78,1,0
8315.42140871324,952,13,0
5993.795296690333,412,27,0
1158.1806406250726,75,70,0
947.6342753853285,295,59,0
9097.171926171559,793,6,0
6695.310626751404,21,97,0
8294.575125174388,906,94,0
8790.99921381985,171,99,0
5722.005796962739,15,23,0
5179.289054032863,211,10,0
4309.969829106692,560,51,0
3176.2964120332817,86,19,0
4351.61364897853,149,51,0
7741.057760744262,700,92,0
6023.215075841164,372,87,0
8926.307666648912,480,68,0
4439.366343648086,818,84,0
6074.8248914003525,151,83,0
6316.762455388967,141,42,0
5921.054651440192,69,91,0
7029.311393124308,260,57,0
2381.960349064315,988,98,0
5128.514137682449,846,68,0
1051.2057800553932,968,38,0
3851.2681631716773,521,62,0
4881.794015526431,633,7,0
6525.72035285927,371,71,0
9505.805215336173,419,50,0
6010.504154818075,101,52,0
7438.503222603832,661,26,0
5067.597934357075,954,26,0
6344.69927344955,658,19,0
718.6128391763965,865,9,0
2551.3718926100514,968,61,0
3624.9124011193358,243,20,0
4730.20861651507,753,50,0
466.03096756881354,512,80,0
1408.8407345576436,849,81,0
2775.374934835145,555,22,0
9715.611582101496,95,13,1
3320.156600959477,226,12,0
4825.590170539705,518,10,0
1969.0161502565454,214,65,0
6111.692910046925,718,96,0
2814.0253230045832,67,30,0
2077.8558585998835,396,8,0
5170.560558175331,612,21,0
65.00293361260401,12,22,0
86.56368616576103,237,18,0
2198.497402927559,834,66,0
376.8464113832032,770,48,0
1089.177283765607,399,44,0
3395.2178868941282,407,9,0
8027.8309390023305,925,67,0
5724.765947259315,849,54,0
5131.5505823046,480,26,0
2941.9533438491353,647,85,0
9318.219657133835,222,94,0
3976.1802619595446,156,92,0
880.0567402897572,654,26,0
6174.494496016835,428,34,0
1147.245550831248,158,8,0
3458.779196588904,977,10,0
5079.045267790911,416,48,0
8743.483021604907,326,55,0
4940.530337597786,371,54,0
7025.565072656326,344,78,0
9928.240221600712,262,40,0
1323.5763077808365,283,15,0
2754.56793994,850,81,0
3951.8149952204876,856,18,0
4224.063503602925,229,96,0
4116.100541902802,888,23,0
9077.033915539983,280,62,0
7143.186118223895,870,46,0
6082.973088766131,290,87,0
3100.633451449193,680,99,0
8239.665938370734,47,39,1
9551.054509735039,975,15,0
8213.770842676762,715,53,0
25.635400862814315,214,88,0
6367.649688132236,758,64,0
520.8424606065862,24,63,0
2583.496131133881,321,92,0
604.6517564742392,274,80,0
6041.9165749643835,556,16,0
6869.033235791142,844,70,0
1153.731504278392,313,66,0
3844.550441619345,363,13,0
4567.802724465865,668,47,0
3696.8396873915567,380,9,0
1219.0397548470785,711,63,0
4195.288423972879,919,34,0
7514.268697606097,981,81,0
719.3665686872221,674,91,0
810.9983406782154,907,29,0
3554.165205441482,470,37,0
9417.839859073061,746,43,0
6689.040740761911,675,86,0
6789.912867158922,116,64,0
3625.580708470271,605,24,0
5940.671304173299,42,71,0
111.21052843715636,796,34,0
6364.599503631327,379,48,0
9133.736606286606,722,12,0
6129.608948764743,206,23,0
8738.248948728788,466,79,0
7242.490824106277,732,97,0
1214.3785798728657,280,13,0
9025.508539785558,648,87,0
673.7740051141911,618,96,0
5344.33505075216,118,45,0
1429.9498666966422,237,99,0
126.94904120173162,309,65,0
4226.122258675114,456,47,0
2957.4566694650207,900,58,0
4865.144933038054,475,5,0
5776.226868478163,100,77,0
446.9533323663841,261,5,0
1238.802918286219,993,60,0
5590.837540539749,305,96,0
3438.241858194856,354,21,0
7294.443140618985,286,24,0
6526.393569433477,328,18,0
8457.587586269168,103,21,0
6928.00333842556,63,54,0
4305.01146312758,687,10,0
6732.93655772038,282,24,0
2761.057930811631,441,85,0
3070.0718527943445,293,89,0
7891.961747608725,738,60,0
4469.730968851806,7,57,0
7985.819601778341,639,23,0
8225.999512946102,936,22,0
8577.047753236226,92,68,1
9167.186006053662,935,34,0
4315.54235292783,190,70,0
3195.479515028177,871,28,0
5826.165478475197,476,95,0
3718.0125101418994,511,99,0
6014.730926334327,462,39,0
7058.802767811808,53,42,1
6887.166134736447,754,23,0
3751.7833413310123,486,70,0
1676.9334149705408,644,80,0
4310.988091237453,490,2,0
1434.5154993782683,978,24,0
8902.069381486246,364,17,0
3465.3158327711953,112,65,0
1553.0528747610047,409,70,0
264.22312145845126,7,69,0
6461.765639001977,742,60,0
6372.654151372885,668,50,0
3412.635624147104,197,93,0
726.4017695880335,835,12,0
4102.192660003368,876,47,0
3119.062775683302,735,67,0
6774.435190952743,367,65,0
6061.734702032377,250,27,0
3652.2913446934244,916,48,0
2186.7466170073512,595,88,0
9880.479301894362,240,62,0
4545.476195749187,380,44,0
6885.859615444569,907,19,0
1414.1241461078241,872,59,0
4861.041099597384,835,8,0
285.0918314959602,471,55,0
5059.496627925395,775,47,0
9640.533897105846,919,2,0
3848.225062728144,701,94,0
399.57016562336673,455,94,0
319.24835128424183,366,39,0
3885.987731869226,290,45,0
1608.6491152673086,874,32,0
243.28744231857726,403,65,0
7564.574003362267,58,38,1
4590.644858730088,521,77,0
2899.5552720068185,304,11,0
9001.830998334643,115,10,0
1170.2282124032508,210,59,0
9559.62910126364,41,90,1
3146.527506599755,816,55,0
8885.152686363725,173,20,0
6033.399336029821,234,81,0
8268.80652381746,793,17,0
9840.291500472538,884,68,0
2891.1703238092696,590,5,0
9611.743499221853,620,60,0
3900.924130075179,793,23,0
3861.263928321854,403,46,0
3410.467171502512,39,52,0
5418.661997402376,119,10,0
1549.9089813530861,335,46,0
5541.577738726532,336,28,0
5421.63107597594,539,97,0
7621.399107922652,616,43,0
8338.16311975648,74,26,1
4410.009089621116,191,55,0
3030.3091610214224,324,48,0
2600.7556241977736,147,29,0
1954.2921286816706,767,27,0
585.8993461682586,284,18,0
3431.0553085587862,213,60,0
2709.774444386525,635,74,0
9664.509684805409,718,69,0
5581.511174237939,929,74,0
3479.2976199147706,752,21,0
5808.8713339270225,394,24,0
1400.5750464434982,339,3,0
4445.997054530007,798,95,0
6266.080870996428,22,62,0
4894.089339606589,771,2,0
4023.7702185366993,869,66,0
9938.545405107985,105,42,0
8804.34447386778,466,34,0
6237.825522012807,459,42,0
5698.079838211005,432,20,0
6210.398193447595,770,97,0
2021.1079571461082,716,68,0
3957.426055210543,822,45,0
404.2007335800842,774,75,0
4760.704914493398,619,42,0
5434.815593737055,763,47,0
2285.2198636710636,936,5,0
9640.648183183483,221,89,0
9095.451563263048,379,49,0
7224.210922204499,222,37,0
5338.532421365972,258,34,0
8700.991904880373,713,73,0
1315.2169147963946,367,70,0
7907.192844806101,770,18,0
1256.9599315288144,349,78,0
7944.16451886856,225,19,0
2764.918006831056,714,78,0
8772.134904371707,738,40,0
9440.980517315724,236,17,0
1496.471734357105,183,60,0
4632.129294603281,712,99,0
9810.063907845224,869,93,0
4839.240285371735,758,42,0
8636.839749920306,444,81,0
5891.427906091885,865,72,0
3759.5457801168227,623,65,0
2864.977719703443,6,53,0
2040.1986799500119,236,7,0
7620.363931863195,127,5,0
3871.5396631620483,104,24,0
5117.641867385504,749,28,0
4928.331545211808,915,62,0
5777.017502038981,480,17,0
8657.115684789276,155,20,0
9807.58604239846,257,3,0
4081.766243652431,235,37,0
8276.914031841967,500,90,0
7647.63266860063,289,15,0
5739.554225041177,510,51,0
9560.910964683211,552,48,0
2012.7404101287439,800,8,0
1101.549460993118,709,13,0
8541.080049884667,785,48,0
4397.106668171145,894,3,0
8471.218853528535,776,65,0
8931.971149902196,569,73,0
633.9513602545237,298,31,0
8835.812982230746,610,26,0
4488.707363140527,137,81,0
5109.22056515228,376,56,0
6269.6591858211705,87,34,0
9264.562241233567,419,9,0
200.96978335334265,754,62,0
4773.666248494993,199,13,0
6880.343203881301,463,69,0
7229.842507405302,437,41,0
6928.398991055708,310,77,0
1353.0069427871374,596,1,0
3000.9619278330956,754,89,0
3593.5680989159646,281,47,0
8046.327704718255,323,4,0
2794.8111254213845,764,63,0
2114.9425890333596,702,52,0
9574.90571019058,951,10,0
98.5442182835543,942,28,0
9978.230348262961,152,6,0
6771.444775585383,994,27,0
8286.40830149668,302,12,0
2953.2477694984696,278,62,0
153.0096238939292,651,52,0
7381.3164904296855,688,48,0
8343.104524036751,8,67,1
7407.356558215656,807,46,0
1437.0743701353776,235,97,0
7536.744943347121,675,74,0
7691.538593255334,561,95,0
6588.819751543849,302,15,0
7663.498168627906,38,71,1
8460.755182380544,136,36,0
6139.90510123221,822,14,0
895.1610925570939,421,78,0
4881.401818575437,219,3,0
785.7168533693346,348,67,0
4081.3548800139843,808,86,0
4076.99382636502,546,19,0
669.4383429610134,864,99,0
3494.7171343550986,79,76,0
1118.8710069252352,748,54,0
8084.269747992129,895,69,0
9477.403379385063,273,10,0
732.4415878268067,161,33,0
9551.600920844097,687,13,0
5230.540227374084,878,99,0
3002.6611227592,308,51,0
777.8521320088735,374,32,0
5011.236438023474,976,75,0
7947.21028946258,733,24,0
7073.7939078943145,9,35,1
511.7578545250979,801,83,0
738.2893353253561,444,70,0
4034.7040935000446,113,40,0
2959.952035538953,989,54,0
2331.5193873299177,205,44,0
2817.234944098049,405,62,0
8036.792605535878,698,99,0
9292.98825578222,853,68,0
4056.9759183303886,197,33,0
9062.048911303646,778,77,0
3221.742055466341,774,56,0
4769.605493574478,760,36,0
2268.029688181837,115,54,0
6408.355661336681,121,19,0
9790.02134059634,653,43,0
6038.896029473352,65,12,0
3584.5627002943534,276,11,0
6481.696285445379,825,70,0
1237.9775778692217,239,12,0
8887.704211851333,302,91,0
5035.808668290565,392,41,0
4499.003922976024,522,25,0
5862.789236650657,969,3,0
6251.590789266131,369,3,0
727.0403042028652,233,84,0
6829.34604002179,195,28,0
2426.8974863521407,907,23,0
7142.386798740832,12,48,1
8227.122595898125,906,67,0
8041.545490449677,921,42,0
5529.484664404812,689,88,0
5206.497224184404,177,40,0
1437.3308537807231,217,6,0
7755.708042527324,11,20,1
2721.3797106626766,446,11,0
4971.987273951286,630,96,0
2849.898188345892,164,27,0
1346.9453463669345,551,21,0
6299.281391948449,53,13,0
552.7770278808092,218,86,0
7488.965888920738,718,35,0
3182.6920846585554,999,47,0
11.345583114808347,824,86,0
5116.180100979926,360,28,0
478.0505661907552,385,21,0
2768.933882630786,56,18,0
7072.695109682604,118,31,0
636.2693200024399,900,60,0
8394.991538636463,253,37,0
48.16102735924525,798,21,0
2475.7704533270035,780,14,0
7411.631520959194,803,89,0
3169.5387957957746,845,91,0
1027.904956779475,180,60,0
3608.7368488162747,415,23,0
2711.22893098141,870,95,0
8428.691902583943,235,29,0
3140.34569667558,855,47,0
7891.435393042312,708,30,0
8919.80272665924,820,90,0
4343.83602156953,80,84,0
9100.332007105377,647,38,0
3779.4073590922967,22,83,0
9641.143380736181,477,27,0
902.0023500104735,843,89,0
6873.322472367395,440,87,0
4943.202264164717,737,93,0
3882.6115665019142,570,15,0
6330.791668698523,93,59,0
7041.532345426968,192,3,0
53.58906380658778,103,10,0
1677.8613565845153,396,79,0
7133.330045836844,7,80,1
6667.1902816462825,640,17,0
9660.814576235485,567,83,0
7612.767524605322,231,11,0
9508.219350236068,874,48,0
7028.379610332721,574,5,0
2987.541564308037,240,69,0
1062.5955732860562,90,64,0
7820.420394815907,232,14,0
6445.0507225444,457,50,0
491.3782638090293,233,26,0
3606.9041543507738,354,72,0
9568.430156688019,333,69,0
5009.00744564491,439,7,0
4332.964068836849,375,16,0
4582.419055541347,292,55,0
2096.7384128115855,345,78,0
3693.384636939304,664,56,0
3704.4344273118945,428,4,0
533.0266516728493,657,48,0
7678.000608894004,130,17,0
4170.879274719751,141,36,0
8223.577069296069,415,70,0
8504.976531187755,93,80,1
2127.820606439594,626,93,0
6576.961286879585,284,38,0
4728.095223588187,956,62,0
8802.765811835636,923,48,0
2165.2493849727766,655,10,0
6781.353871097342,223,36,0
6081.443701304698,744,29,0
2960.0617609426095,463,78,0
1374.6430274752145,545,4,0
6519.881207167993,276,44,0
7388.588606741983,682,56,0
3163.1171641958663,140,42,0
6451.877714182915,357,13,0
3957.3577670389177,713,46,0
7134.936763993351,23,82,1
2000.1605961915905,968,33,0
8903.247876335381,736,21,0
2881.2218686911415,880,80,0
3684.1820176839674,270,79,0
590.3386012826943,859,57,0
1124.007001089551,665,69,0
5163.460408096158,333,70,0
2683.2508405124354,85,67,0
8356.447455164522,621,48,0
156.78695266298888,31,76,0
3797.1495462326425,741,33,0
3380.082012223236,240,36,0
203.08303286683434,890,33,0
1252.4403060150971,363,31,0
4142.290322437167,822,21,0
4933.717198629992,389,27,0
4048.8545750761423,653,91,0
5314.067407336817,668,72,0
5955.365432307758,299,62,0
109.13897306707794,857,96,0
4646.310642940503,371,26,0
9635.357416467008,99,66,1
5195.132478494192,47,12,0
6778.647251914942,999,22,0
3125.5199405896633,839,17,0
7742.173867746098,422,7,0
7731.485603942389,480,68,0
5217.747516064848,579,37,0
9760.378094559344,62,38,1
1264.2466454789073,109,96,0
179.30717224691412,679,11,0
7703.880535453389,549,1,0
8073.483818275176,119,25,0
1210.8702189145567,598,42,0
2663.172501256475,382,52,0
185.3481100326228,392,24,0
2940.1530216978413,977,53,0
7733.687320447529,52,56,1
5184.425671848664,603,63,0
3487.474975751198,289,81,0
3723.6755561142395,337,8,0
23.52272089752686,810,59,0
3005.0072703767064,204,45,0
6468.122828962925,880,27,0
9742.202493725408,238,52,0
8472.137661569155,382,18,0
245.71369680883598,667,91,0
8986.620440701645,752,86,0
7834.1521488532735,136,16,0
7805.957474474094,407,66,0
4585.377632445679,508,5,0
3986.072876615483,362,82,0
3036.1281310435943,381,3,0
666.2916409541141,881,91,0
2290.071281302054,576,81,0
2473.570313430466,635,80,0
4845.929926404914,254,70,0
7476.969621900973,477,7,0
4743.3601856954865,114,50,0
587.8660499771345,20,14,0
9578.320111872157,528,38,0
9427.815947750181,145,79,0
7854.0435360526,208,47,0
9913.365736626563,531,33,0
5449.378504674627,376,43,0
9628.055819029529,504,91,0
765.2943557613403,904,29,0
3663.1506751310994,166,57,0
2261.5588673875905,550,5,0
1966.3725105013575,181,93,0
1416.6214594378341,861,96,0
6227.912279244307,617,60,0
7815.405338915578,612,70,0
5787.201010209403,602,2,0
1478.1574687862146,927,70,0
8113.126461635375,812,43,0
6363.187524565647,444,4,0
3887.7754042086854,332,56,0
6744.561652405269,503,93,0
2606.4507426359,913,59,0
3458.470162857163,79,89,0
9175.683572888582,585,9,0
2912.1400116574896,935,3,0
4705.182798897787,938,90,0
8902.509962586186,688,48,0
7080.136289172599,396,43,0
631.4102293853805,608,91,0
1481.5574123469137,857,96,0
88.33749181144901,103,1,0
6312.908684389342,402,57,0
4482.257519850079,975,53,0
1351.4057605137325,224,16,0
9579.761869357137,518,51,0
5301.300642216743,634,75,0
2426.514008187763,236,90,0
5011.029675835528,427,55,0
6799.407124023727,116,1,0
771.6297875559092,163,90,0
2754.291112328441,226,28,0
8071.585253931096,230,53,0
4602.052055322586,182,58,0
5470.305648902626,249,73,0
4333.831862072598,318,60,0
448.56042700362116,965,59,0
1665.8403004033578,210,22,0
4460.96097103149,656,8,0
2099.762799425199,392,49,0
509.2904963101906,857,42,0
8438.06014387772,96,27,1
9812.113366349517,894,39,0
7933.497311227427,858,83,0
8539.311367829623,756,25,0
2427.3515318672835,86,38,0
9606.663485376866,415,85,0
1977.2877874897495,394,24,0
9514.783805514704,696,24,0
9948.24474671985,633,60,0
7120.110829403027,844,83,0
9811.6258806003,501,50,0
5699.702397875366,604,66,0
2602.8224139291424,582,14,0
4375.588897799553,916,53,0
5939.6737444340715,133,32,0
740.0848046498797,791,96,0
6227.209213526288,649,92,0
9811.966589255322,314,48,0
1909.175421339439,699,39,0
7928.025211720949,221,40,0
9079.908949858398,976,42,0
9437.578912274006,438,77,0
9601.754688010418,46,76,1
5219.381790827505,790,8,0
9773.306000835122,192,79,0
7575.528969273044,520,26,0
1625.0976480072493,379,12,0
4774.23206361502,788,43,0
7186.12844196632,691,51,0
2480.9297550326423,334,91,0
6409.745683653385,39,82,0
6669.338785675726,293,63,0
1635.3704406475733,690,49,0
5655.202271403035,162,27,0
7718.5528406762905,331,9,0
4993.9676887140595,886,39,0
130.91013659331318,104,65,0
100.29430610212886,161,71,0
3576.723146260422,799,90,0
9262.678743633502,635,71,0
2294.4810282400517,54,7,0
6347.293251828155,940,72,0
2228.5379482262724,34,80,0
3223.483196698891,242,67,0
8481.940475118825,967,10,0
7291.325808276769,890,71,0
963.0387803589742,113,85,0
4292.733189654472,318,53,0
301.405938816192,23,95,0
4814.09256456406,558,87,0
6627.71577689367,824,57,0
1193.8412097455341,647,91,0
2895.960539702565,118,86,0
3984.387888766548,985,27,0
9196.114936313938,701,54,0
9932.61760407541,643,4,0
458.6638769662024,934,88,0
7612.469155718966,212,23,0
3723.5234233594088,418,48,0
3930.6572804325056,113,83,0
7545.107083736757,44,42,1
9185.080057132633,128,3,0
9509.776659080459,876,91,0
5775.454634522825,158,3,0
3577.640381412023,785,28,0
7877.615367729205,827,63,0
2517.5038187903797,394,81,0
5645.099548046843,867,31,0
3592.198830633483,852,10,0
6569.744426341682,512,49,0
2411.585139806134,914,86,0
1924.0135278909095,45,94,0
9183.208475887617,108,21,0
1027.0187926658737,219,53,0
5064.519498271968,443,87,0
2216.319301800459,830,76,0
398.91033362341784,315,89,0
369.82799473134963,177,54,0
1760.465503337215,228,57,0
8669.035841514942,703,20,0
2831.9626523304964,983,49,0
9505.087114047205,672,7,0
5820.406706962043,906,29,0
4371.775755789973,267,48,0
5805.087458347852,870,93,0
5171.816868410415,838,13,0
7590.174775035678,379,3,0
2832.135699068794,489,2,0
3536.9734120870207,702,16,0
8942.002082307175,687,94,0
9465.10056637255,290,6,0
8926.65669258988,996,45,0
4200.285459633563,357,71,0
7805.851375038748,657,5,0
4768.593975677977,744,56,0
4980.423122939561,872,71,0
2054.754289482267,950,98,0
5915.39172955258,204,32,0
1869.4976185559458,213,49,0
3322.331343681266,552,13,0
8551.751714183152,787,30,0
2078.687334016444,323,25,0
720.8712688825938,594,85,0
699.3858502020349,181,60,0
9408.437359826048,499,59,0
5074.135175238728,320,85,0
4100.026597452013,83,28,0
8110.6770242691055,303,58,0
8359.901019826055,262,20,0
3328.58842082489,784,34,0
6939.244394163215,200,5,0
7713.516930360347,240,82,0
6549.960361790885,914,60,0
1524.4347972529927,692,43,0
8760.0720043354,944,57,0
5395.554581832727,683,57,0
2831.899539436337,295,75,0
4258.029572522562,512,54,0
385.3351930850847,689,81,0
1287.3893442119513,881,45,0
7657.81203765345,396,86,0
10.11623120610775,749,37,0
4171.492626538099,138,84,0
5229.876709045028,839,48,0
555.7978558097133,878,54,0
9731.050848093606,823,48,0
2268.992059184223,129,6,0
3048.9452091664457,49,34,0
3046.3856974277232,676,63,0
2311.8624545523257,789,78,0
24.723482642251046,293,48,0
7296.154492939084,628,23,0
9668.786542994862,536,84,0
2250.6918980176,311,13,0
6633.84144611619,537,47,0
7421.5443063175635,903,44,0
8485.769537114342,639,32,0
4232.065678165955,234,26,0
3036.279747347888,209,53,0
3259.698388890081,605,14,0
7129.087117654143,94,52,1
8169.626870391304,327,36,0
1824.3235378884606,225,8,0
3715.7006714960744,967,40,0
9020.382565524009,890,86,0
8068.868261750445,792,22,0
9848.735443597134,11,16,1
7544.940114223987,329,91,0
3938.0200582689436,12,60,0
5910.471961606431,35,60,0
6613.53239993073,447,10,0
793.7736050080682,452,25,0
5449.524621447612,740,31,0
7096.11507644137,220,21,0
1681.5398269705931,441,91,0
7808.510857081316,653,81,0
5841.890077335976,535,33,0
9522.69563911897,595,31,0
433.79875908684807,229,90,0
2660.608114179115,935,21,0
6019.523254205243,344,36,0
2972.6335229372476,80,65,0
7147.097399071709,353,4,0
7592.46277239409,396,68,0
1034.1344810240798,290,90,0
5143.40609742561,455,4,0
5093.816650354648,843,9,0
3699.114894453255,671,30,0
9329.919377071024,989,45,0
8276.78813553348,128,4,0
6975.121725277271,702,69,0
7146.123090992625,909,23,0
4622.54427669306,543,16,0
9210.735265754793,898,22,0
6949.008318260321,359,72,0
7292.520805941606,527,48,0
8618.29212883558,313,62,0
2747.975177528488,75,97,0
8072.638329628363,546,60,0
1960.4536235353555,871,80,0
3459.9661029264294,196,5,0
3362.7484381557288,843,80,0
9785.469429207515,29,7,1
8566.80686524179,706,51,0
7014.686917286695,16,65,1
7273.297048537747,423,9,0
5625.107216081685,589,82,0
9471.435764414106,805,45,0
4967.624941294792,593,47,0
3811.3719216002464,405,67,0
1638.7230159465942,940,24,0
7864.194466087969,636,92,0
7347.094881435159,531,10,0
3849.7068348561074,967,73,0
261.6822054527013,614,77,0
8391.583303902928,904,48,0
124.06565470619559,77,35,0
7039.960798494219,229,54,0
9702.868526163309,962,87,0
4382.236668200552,297,81,0
2357.384315909568,510,71,0
7051.661390333384,715,16,0
8173.110138735696,984,53,0
5468.838857617695,966,40,0
9670.6823998089,573,20,0
526.1705293630314,538,88,0
5052.908027062236,583,69,0
7187.354933752275,615,45,0
8627.778306780297,979,6,0
1800.7635629588226,326,92,0
8002.034782819177,363,69,0
5531.543686428267,669,49,0
3971.5712830797324,875,39,0
1325.8331355051446,359,2,0
8654.304631500036,706,39,0
1581.1593497153563,787,21,0
3104.780713498901,324,40,0
2907.5548643047446,698,82,0
8715.426201566634,326,54,0
6730.302912146891,625,12,0
7968.847157941809,825,81,0
2512.174308937065,165,37,0
6252.492255073919,573,38,0
5721.742371606049,604,15,0
8329.975464114828,798,7,0
9061.809734207793,455,78,0
131.4461470590942,969,50,0
6743.458991397339,153,65,0
527.8396332060929,737,67,0
5493.098064122785,127,44,0
2883.450963146345,193,31,0
3074.6982292261905,627,43,0
3536.055449489042,774,77,0
6216.711566005605,530,48,0
3347.1591570310043,10,82,0
7329.663515396901,92,81,1
4051.228581882958,139,81,0
692.8484710964866,481,61,0
7839.760826416231,449,75,0
2864.725662681133,333,84,0
4333.341127196633,869,10,0
6857.584393386796,340,29,0
3331.237009915633,961,48,0
575.290704905689,52,98,0
3745.471259658008,707,81,0
9445.041341116092,466,62,0
6420.926629012596,718,13,0
6718.0766951853975,799,44,0
6326.498714840022,475,47,0
1997.9314682047736,401,64,0
4189.155302381779,439,91,0
7511.888585649549,878,53,0
1022.7152465560599,605,90,0
2785.7492331362255,932,92,0
2770.4278935738776,997,77,0
4325.869086669115,922,76,0
9803.88372201243,821,44,0
684.3504413713812,657,28,0
5191.822933862144,598,2,0
1801.8531733019825,509,57,0
9707.058688643343,153,57,0
1141.9020122273673,514,34,0
4041.9740135922966,503,87,0
7381.470998497716,854,58,0
7048.498735994179,901,52,0
4233.059082570383,772,29,0
3471.776437847655,676,35,0
3982.147661743177,6,75,0
2650.1198689548064,500,48,0
2061.27605768093,661,33,0
4835.566578613311,717,75,0
2692.652223115397,118,73,0
2881.7420323235287,485,78,0
6570.993074110825,601,9,0
9685.687943681924,666,48,0
6040.335633588157,951,67,0
779.0248759790131,679,93,0
765.0803024021291,468,83,0
9514.717976247204,161,36,0
2979.934995170263,270,96,0
929.7491909639295,56,71,0
5994.455425632312,228,92,0
6240.251295119759,849,44,0
6488.563152985695,149,82,0
2681.3462582968377,46,60,0
160.9557353026056,144,63,0
9650.503540850174,750,5,0
2516.421526454114,784,87,0
6763.502617644949,632,86,0
7069.232400088308,340,90,0
6103.974096624062,413,76,0
3135.944868194346,732,40,0
2718.251575103017,520,19,0
5980.706144200004,344,47,0
8662.295379780799,387,65,0
9467.869951944722,473,67,0
1067.9989859935388,275,91,0
1556.7378398512212,353,18,0
9447.915225242965,66,50,1
7367.986931064578,79,30,1
8831.108310049432,598,66,0
2034.3000150120781,636,5,0
5879.982852382925,202,93,0
7014.384548230561,978,97,0
6804.317735615256,662,42,0
4087.4353917583144,558,84,0
163.7949679961717,113,94,0
5833.431307474589,91,5,0
2538.4843764042917,141,50,0
4508.0399189674745,289,85,0
9576.234340687335,901,58,0
3996.3628232479227,730,79,0
8399.618050577623,589,84,0
1893.5206514350189,411,8,0
6727.880375270038,377,31,0
9770.299474845046,384,12,0
1027.9120777206385,846,21,0
93.1162228496482,152,94,0
4341.492098399817,835,62,0
935.3285756831583,751,91,0
7486.359653265551,627,90,0
9146.341151847104,319,33,0
4345.869517360501,369,26,0
2594.5293051328554,606,90,0
4349.689156876032,995,40,0
7237.24370032151,560,65,0
100.45107418790607,703,59,0
5898.645354952125,462,15,0
6136.783932024917,12,1,0
6380.505586490396,156,11,0
2427.8005790089633,684,55,0
7143.386706547486,477,2,0
923.0009484544463,939,65,0
2000.7106613033402,401,95,0
8775.925766078275,808,44,0
7389.844275758398,177,16,0
147.31808457333906,341,22,0
2491.278841094304,57,18,0
2151.920765101714,855,47,0
2715.355217089356,852,81,0
2483.1221050960653,448,30,0
634.6376944710289,203,10,0
4594.815760802235,697,99,0
7330.00741311379,633,58,0
6071.249929927189,738,62,0
6731.987969294817,202,85,0
820.6802935770291,330,80,0
9515.392194666105,363,6,0
8386.533420091819,892,67,0
8052.85228177167,454,41,0
8231.608212367257,356,43,0
9327.777976246285,216,85,0
5447.09712147584,972,77,0
2010.8173584975827,555,18,0
6171.668242446886,887,58,0
7431.38612174271,23,60,1
7381.794759606713,155,88,0
5219.2757514271325,186,27,0
693.9026061424448,249,68,0
3717.418254916977,749,22,0
9208.45841854894,805,24,0
5848.644608476686,134,40,0
5387.936113124577,321,74,0
2695.846608678113,390,66,0
3690.8047099666232,434,40,0
8954.50743064016,22,6,1
6667.965844793089,873,18,0
7875.996397255805,600,81,0
4548.910776445875,665,87,0
6306.169722367017,125,30,0
2491.3522513446433,79,21,0
7057.553694532028,858,62,0
4281.737323696339,968,10,0
4431.029692999308,51,13,0
6496.730022523047,728,76,0
9363.443408474577,176,9,0
649.423402620123,870,68,0
8249.184941096606,253,39,0
2930.907273017809,966,24,0
4444.755350518714,246,34,0
228.91415446233947,739,61,0
3017.4503175647874,106,41,0
5031.286113875003,193,5,0
571.1990127009158,316,79,0
4916.04633653782,302,50,0
9271.835182295688,548,4,0
1062.8782488969741,954,51,0
7646.762873474288,716,52,0
4102.6138232261665,934,39,0
6555.185408098137,779,8,0
2609.763613872441,268,45,0
1603.3277027881693,170,88,0
1613.021516569552,551,28,0
714.214536975015,455,27,0
1864.6105819634179,651,65,0
6645.551656039793,292,34,0
8818.089212316645,564,81,0
8143.115599055706,799,62,0
6854.491755646096,801,62,0
1113.2143154769158,141,38,0
2898.982588496539,146,26,0
3104.970684471465,425,24,0
2507.0698945122363,314,39,0
5154.906540500134,184,21,0
5360.182610647929,664,94,0
3575.290891959391,713,47,0
3544.3536957769957,128,48,0
8287.270423081753,287,13,0
7895.03555471366,823,3,0
3084.880358490649,253,32,0
9138.74655429386,778,35,0
9528.622019855035,700,19,0
3274.1579948801077,386,14,0
3550.705238442618,230,48,0
5061.285192685369,271,86,0
9411.796917211399,771,81,0
8764.431137091693,811,68,0
1034.653946210062,415,45,0
3933.380125281448,198,19,0
5538.178185600221,323,64,0
5036.293400789885,56,66,0
1946.6920486895579,831,79,0
8589.579543969865,203,66,0
6772.638422138405,783,75,0
8380.704664769517,621,45,0
8589.055150701228,628,87,0
7486.0749781207405,604,74,0
4397.713906484676,138,67,0
6109.3620826040915,422,69,0
1612.050407136234,815,3,0
6739.717720574328,57,38,0
1800.7400248354147,562,77,0
6942.556409196466,71,42,0
2303.685625932147,911,83,0
1184.3374885006974,914,40,0
1661.1920565281448,594,50,0
29.901430838511978,372,35,0
7190.208782356767,617,24,0
7326.686480093207,600,88,0
5154.184165633462,514,17,0
1622.014382543283,872,40,0
844.7078317317905,84,74,0
201.09837470849723,994,66,0
1665.824287882555,43,44,0
8909.646794481636,666,23,0
2422.9530485998007,839,6,0
3549.1705588999844,934,66,0
1062.4013899685185,606,21,0
2231.389434434221,810,35,0
5197.053462094249,133,29,0
6081.449304125569,395,7,0
2461.0696185204483,65,93,0
586.7442706589209,290,53,0
3916.4183625827127,376,37,0
2349.6916755540783,769,23,0
2203.3436930657213,467,97,0
9599.029399107418,898,8,0
6166.841854397983,213,76,0
5573.215647289238,148,48,0
4163.593284197986,573,10,0
4295.153890967141,471,79,0
5413.640988342428,149,24,0
6967.333772290712,88,90,0
7024.439500856476,324,47,0
1725.2221379774412,895,53,0
5006.126393245503,396,39,0
4125.461369390679,790,67,0
8706.564393031149,404,66,0
6317.875022971581,82,6,0
5329.715623495658,641,21,0
1162.7924753673844,286,73,0
6060.32251434088,382,74,0
1180.867017745532,865,36,0
3378.6936899018633,792,3,0
1436.9912284951754,270,88,0
6923.815733773446,292,86,0
2070.4586172231643,453,78,0
3924.6751381483796,715,42,0
8957.791028411599,24,45,1
2051.120670155713,956,44,0
5082.972588948203,863,91,0
4198.52389504856,311,33,0
191.05917004684002,461,60,0
7929.6535545924,208,86,0
699.7686040828513,792,93,0
4747.807659559767,717,83,0
5611.17616644011,664,83,0
6287.980301579725,438,70,0
6889.429976785677,538,83,0
2540.1911113919236,706,77,0
109.68797881790924,336,26,0
7237.2021869255705,422,86,0
5361.20942748231,750,21,0
8362.815855040415,321,2,0
8215.669745377936,497,47,0
8434.828416200953,587,30,0
4856.095653195606,947,27,0
3342.947674410288,163,71,0
7917.666443887786,811,20,0
4518.428189162257,541,50,0
1842.5875420703107,165,95,0
8551.190455419128,849,23,0
8826.77316895575,698,13,0
4668.434463840299,566,81,0
766.2402758247769,295,4,0
3884.382638270143,42,14,0
8037.341218031407,924,20,0
9018.722545176824,285,13,0
2042.6926975509825,939,3,0
679.0663841324625,387,90,0
8774.731026797059,138,90,0
3900.155340398964,187,82,0
5422.192033032957,910,96,0
9680.977462387082,716,78,0
674.9816318630864,431,47,0
6486.696894446434,554,3,0
750.3131715229221,862,1,0
3760.9345953803386,416,90,0
8040.107306482533,800,24,0
4340.387605228788,426,35,0
9971.851715490475,416,14,0
5595.002256616555,26,67,0
3218.4099048331755,371,13,0
2208.912145788484,385,47,0
3511.7001375187565,56,50,0
3731.6074048579126,253,78,0
696.4496404623701,634,85,0
3702.046252273464,106,26,0
4647.742812194857,130,3,0
7230.150144865658,849,51,0
6570.727552368864,670,40,0
7090.568895739251,376,68,0
93.55318194980242,743,36,0
2184.497321809555,967,51,0
6620.226041114566,308,1,0
4845.053788115674,91,33,0
63.081621926776,393,7,0
8046.901477893905,534,52,0
7730.3676371704705,802,11,0
5488.707438305691,110,27,0
673.9686245049585,561,14,0
7667.48534483052,641,86,0
5841.298741436326,585,80,0
7821.780171808012,340,46,0
7519.9524540344455,565,76,0
8031.990698858793,979,10,0
5184.900583382202,356,24,0
1411.8419367532147,892,61,0
6714.86315906309,168,18,0
6208.533112669186,557,86,0
7425.109340118881,452,9,0
1707.1112504468458,905,17,0
1957.8022470038893,105,58,0
8905.19107702109,150,13,0
7502.278206536187,146,50,0
9083.202602116226,716,6,0
7589.566058427567,874,85,0
5975.581506843116,299,51,0
6544.786042908458,167,36,0
8892.387960160699,713,71,0
5792.279477574286,646,25,0
6327.5893300405905,723,11,0
1573.2023928759697,48,44,0
4744.472988959866,638,14,0
7166.807148461408,239,29,0
2716.7175561804906,7,74,0
2030.519263440104,464,50,0
3145.1298141619113,453,5,0
2422.591273648406,784,72,0
2156.9772439935946,897,69,0
4254.259920252189,371,88,0
9079.306753696506,549,57,0
5075.525870919796,487,26,0
1887.324604345077,211,6,0
778.946977114932,165,16,0
6964.599889927873,125,60,0
3834.1596567195143,337,12,0
8220.09115638774,192,75,0
6598.512578721294,730,3,0
7964.452090908271,214,63,0
2726.740933790303,574,64,0
6926.665635385971,328,62,0
2647.979227090251,957,6,0
9391.294109708413,381,19,0
6367.37907251841,673,18,0
3251.8728837516674,578,80,0
2702.423504299804,798,87,0
1917.3565848657186,239,43,0
6949.46317934834,532,73,0
2194.968973849294,700,3,0
5957.079626615616,82,72,0
2653.70391898432,363,38,0
6623.0697584907475,505,68,0
8151.247888119987,202,76,0
7782.472179015085,920,44,0
7610.904795998509,504,95,0
1885.3468328655981,644,89,0
892.9656203753419,37,80,0
6992.498796588982,644,63,0
3689.7886658055695,589,42,0
4329.13880176944,601,64,0
321.17943700597675,973,54,0
2603.1687282577413,402,78,0
346.42727470589557,765,77,0
8793.065868286463,856,71,0
2441.5328653531196,706,76,0
5577.79832403435,176,37,0
399.4034134046928,545,4,0
6671.805439143524,570,2,0
3237.0431840833976,467,99,0
8980.21267770708,201,44,0
8882.300707451019,540,67,0
3259.6532774338602,547,68,0
9010.599347947775,999,76,0
9961.6151582528,637,83,0
8255.90248459824,394,74,0
8450.264764074738,833,62,0
2497.5972737298084,42,1,0
5771.256964588985,597,17,0
681.8865805340049,393,16,0
958.2301888484805,700,9,0
9988.937194212573,623,53,0
3273.1261017648503,783,73,0
7484.357281367976,995,59,0
8068.5838797378965,441,9,0
8581.65247736222,837,12,0
9976.306691047545,617,41,0
2422.54988771611,506,15,0
413.10476032840006,918,66,0
4117.803264765914,320,75,0
1309.50589159118,553,11,0
234.0346327289307,215,8,0
3610.6640031434463,71,55,0
7839.545128241612,568,96,0
5666.145105338458,919,6,0
3134.652112211437,236,53,0
6546.87663487227,281,20,0
2327.8616212850193,987,39,0
153.6706462601294,617,99,0
7645.890330499909,902,72,0
6241.193417791451,887,34,0
7625.40321876459,162,57,0
398.99078670977946,191,19,0
8372.825082028216,9,71,1
6199.066738362671,60,31,0
5638.319553619275,893,82,0
6249.89434066417,817,40,0
8645.688136214958,225,14,0
5873.495700523482,819,81,0
5813.694295082912,700,37,0
9906.884779087,582,44,0
7569.734369014995,805,9,0
4428.5151164568415,287,58,0
7076.896030328948,994,20,0
3898.412412200967,169,92,0
2296.465870210155,62,50,0
5972.550250108717,349,20,0
9282.539160158376,442,36,0
9292.103804954473,14,27,1
3425.633728273848,164,72,0
5281.497887554733,420,32,0
2124.2426267129135,757,1,0
9956.354783893845,847,17,0
9811.367899600678,520,9,0
6498.594207777399,666,84,0
8046.096456177959,548,45,0
7153.850611224163,560,96,0
5935.650608204287,597,66,0
542.946489919088,28,32,0
4553.095782101084,708,45,0
6751.115158652431,446,9,0
6778.54082269801,208,30,0
3737.494958039612,470,84,0
9417.502946713725,716,38,0
1681.896752045442,976,60,0
5008.5908676934505,819,1,0
6911.930925742719,104,5,0
6974.386700859174,742,63,0
6489.903178120468,426,99,0
2760.129252384083,101,36,0
1570.5036211793536,541,65,0
6363.043864998842,639,78,0
5997.028140232983,850,73,0
1801.7665427895174,522,94,0
7054.340064249928,106,24,0
4557.168197419228,679,4,0
6680.928310115498,978,78,0
8375.297126903804,769,89,0
1705.5870014834625,807,68,0
201.25723128839843,277,25,0
7793.23483809391,65,74,1
6100.877277274633,783,99,0
6999.399300524996,900,7,0
8383.168200136539,188,13,0
8030.08123889676,317,68,0
9609.592267818958,916,43,0
5363.991437732661,138,57,0
4890.071370272454,343,36,0
4024.8531269083933,105,14,0
1545.3735180136034,546,82,0
5730.346256491404,380,72,0
2777.355118016528,110,96,0
9213.862047007626,944,27,0
5836.076134728205,545,37,0
5932.473403276021,354,87,0
3555.69736216133,743,71,0
529.3736262572978,317,76,0
327.1202160761563,266,25,0
4239.118090090443,694,67,0
854.8081271914061,852,90,0
6072.40108584599,65,4,0
8810.920326340178,333,79,0
8830.319017022035,513,96,0
6593.863647221002,133,93,0
2120.2059964145806,592,74,0
8631.338345275131,783,85,0
8862.07341877895,753,16,0
1974.5693136800573,540,19,0
7376.886596849065,735,29,0
2872.330293781958,535,51,0
8028.376720405768,496,18,0
9972.40662003699,621,58,0
309.9597932406342,619,44,0
8974.684999251409,657,16,0
6230.079030650594,369,65,0
9734.092365456563,866,2,0
4655.445080089012,909,56,0
8475.405426408024,910,79,0
633.3167452967896,651,28,0
3359.4377102821745,796,65,0
679.4952121345876,810,5,0
9753.677903455915,992,22,0
8171.569333645649,99,13,1
8526.948738247245,317,65,0
9380.272662024603,123,16,0
860.1838263366557,320,86,0
3862.1199492082005,799,64,0
719.6385415495812,593,32,0
2115.823084484786,495,80,0
2301.3641126063467,457,51,0
4696.381038365311,522,79,0
2692.9360528618895,520,58,0
1018.7712871094333,917,46,0
1683.235980050136,717,52,0
1481.2828798853884,315,63,0
9731.03721114386,946,76,0
7595.332144115551,709,60,0
9677.937038042925,710,65,0
4403.007460214007,542,81,0
2790.901131809939,479,55,0
7984.9490401197745,913,57,0
3269.2766412310566,971,92,0
3000.839903316429,20,71,0
2332.7348621562337,560,73,0
1305.4929924601113,969,86,0
2572.065979557492,130,26,0
3559.644287254138,293,12,0
6743.202139375847,897,71,0
635.0227737723212,132,46,0
2112.964327256776,356,47,0
8092.146166513847,54,79,1
1477.75001660187,890,38,0
3433.02501375999,793,21,0
8647.94262936282,387,14,0
1557.7038583229921,265,2,0
836.540987825717,982,72,0
4850.534570849308,215,70,0
3031.1709176725785,460,33,0
5638.449561193703,458,6,0
8040.010855929917,802,90,0
1380.1133966459042,43,37,0
5811.183854697307,586,14,0
5060.03251629474,862,37,0
1449.3470722718637,278,8,0
6243.744870434534,838,77,0
2743.6677744291087,754,13,0
4883.464842254685,130,40,0
831.9005195278482,350,92,0
4601.244731564095,706,58,0
3071.570045747775,544,18,0
8225.58829974169,106,57,0
579.2174827037092,912,83,0
4191.886676434116,716,38,0
4589.7299270730655,1,32,0
7252.8107022281965,757,86,0
5747.132875151208,584,66,0
6675.451248569869,432,77,0
7772.722363661043,306,87,0
8623.407706845306,909,25,0
3145.61621225748,527,92,0
5384.846826585391,53,58,0
8402.679703607606,940,75,0
9894.616798340914,520,33,0
8896.297917327194,330,88,0
3720.9579536175243,558,66,0
1959.7135070143177,325,30,0
4899.031448691821,114,81,0
7418.998103842062,147,34,0
4930.765016825443,166,86,0
4836.976824503548,379,69,0
8383.921906607187,139,48,0
3620.423752881192,629,40,0
8599.34880136834,299,51,0
4073.979961507718,276,80,0
3289.048725726611,916,13,0
4545.359212884993,789,90,0
7626.845117161935,850,31,0
1268.760258361303,825,39,0
1972.2279665614537,178,63,0
9514.93380837429,842,48,0
1763.1613575397603,354,87,0
5681.595906131235,154,48,0
5797.351521952759,926,61,0
4901.348375881946,201,12,0
6451.005033282418,878,78,0
2305.9689907182083,115,56,0
5531.096055089714,671,18,0
3728.0108199165024,554,27,0
6620.055923695599,759,28,0
1420.8231982977632,68,82,0
5713.065394226368,445,80,0
1860.8508502794039,445,52,0
2793.6442005192134,326,16,0
2194.9109052325966,846,77,0
1836.549420889483,708,58,0
8258.852406091064,602,93,0
2864.2186009322945,623,9,0
9271.966580825849,880,26,0
9699.565988198457,359,28,0
5716.8920946716025,145,77,0
1438.5812154306068,275,36,0
3751.736951362017,509,9,0
7979.345310848658,179,47,0
3680.233379683734,753,78,0
879.3020108448595,838,51,0
5572.281260172597,831,76,0
8452.757306445388,477,57,0
7961.304607563588,843,32,0
1759.480169902229,976,67,0
6730.918497980542,414,57,0
2212.8375917221147,153,54,0
2189.8932701762005,104,16,0
8741.9770153188,75,62,1
2504.1928378748994,128,84,0
2639.8409917149315,711,96,0
16.52737370538255,666,56,0
8707.983650913922,568,23,0
7928.022183959256,790,17,0
6277.016061555873,345,80,0
7505.154981749034,531,38,0
1528.965188570673,159,72,0
4588.652709929878,538,83,0
3518.681679614321,426,30,0
946.8274973075947,681,58,0
4866.443547297092,996,98,0
9208.189106922928,23,78,1
410.19059931643784,47,22,0
2921.694525803001,525,17,0
2083.3339526949776,729,15,0
2389.085070120306,834,48,0
9085.26117327496,706,32,0
4686.009851800558,144,77,0
4668.33113526879,585,85,0
7608.15066812827,668,40,0
1553.3771180092087,589,97,0
4877.7808874595075,419,57,0
4305.5522890693865,681,58,0
5973.137798561094,973,91,0
9995.581455471882,799,99,0
7696.79445187965,85,16,1
3984.678373144098,416,28,0
8277.25499221773,694,98,0
1715.376549491677,482,1,0
314.33222622651164,456,41,0
2052.4392409180878,827,48,0
3410.711445581454,297,31,0
5110.701767021003,112,36,0
6155.140114006586,962,33,0
9106.951114972073,230,33,0
5103.441555409072,96,82,0
5017.743689811036,950,23,0
511.9276681315915,680,60,0
358.76641103567584,378,87,0
5516.088019544557,156,79,0
4387.4043463509615,421,90,0
8393.412145853183,105,30,0
1615.1890512713333,705,89,0
259.4669045493255,330,45,0
4495.897291621957,439,80,0
2382.4107819550522,132,39,0
505.6475896549861,867,45,0
7248.736885607813,382,78,0
1124.8140695729023,138,81,0
6087.1118050776395,943,12,0
2817.6870041672228,843,93,0
1743.22554304667,270,32,0
3803.7177139639816,550,56,0
8016.443304467307,396,24,0
3927.014833276681,557,13,0
7510.188795618446,913,20,0
1263.6081050235155,464,79,0
7729.98648245414,675,56,0
2376.96391581742,450,53,0
6777.157367589839,331,68,0
5662.157732861553,253,54,0
9292.155724944756,681,34,0
3879.351954573387,963,28,0
670.9902364560601,285,50,0
201.3633006570165,274,2,0
8270.317024117803,20,94,1
5252.109020237707,239,26,0
7754.688077831143,270,51,0
2351.9117441150315,418,47,0
3457.386617677205,945,26,0
310.7376833910762,310,84,0
9615.30832249538,31,92,1
6682.000387941126,826,84,0
9332.718826715469,104,75,0
2662.3091102164326,682,74,0
6118.521476144352,186,61,0
6788.214683243452,128,23,0
3182.3215055733085,210,37,0
8482.611257806144,414,41,0
9472.143014373476,281,52,0
8849.702625783084,959,83,0
7393.279089634331,253,82,0
2781.872150452291,19,49,0
2823.344260635261,712,27,0
9633.969601255918,732,6,0
112.74211439756337,136,74,0
7163.339232689023,223,66,0
7065.399163927069,3,24,1
6230.6685140884765,963,38,0
9901.187372407789,236,28,0
3125.6755632796153,854,28,0
3406.3189192945492,465,66,0
798.6046354360899,228,61,0
4433.553384071937,913,46,0
2617.8747770861323,654,69,0
3440.433154754666,499,75,0
8347.372184653721,521,74,0
9355.490290139682,702,43,0
1865.4733893318044,862,59,0
3731.3642262191242,917,2,0
9287.019315532787,972,15,0
627.4665222853341,677,37,0
932.6816758326713,992,71,0
1636.2819821702315,139,20,0
5956.176212927478,276,98,0
1513.2179873499147,291,35,0
9681.083050692827,53,34,1
4472.678127312618,687,86,0
5020.164423898163,110,31,0
2474.1195718960107,715,87,0
4714.892921822988,948,19,0
6622.517190043745,648,68,0
7514.259598170887,4,24,1
7541.142146272031,667,84,0
5783.132215813943,684,39,0
9044.554152188633,936,92,0
8175.904394588033,870,54,0
7572.910665839268,47,39,1
565.4991615878016,94,17,0
78.71084257429665,940,19,0
2132.348299182775,560,48,0
6638.600703195389,752,35,0
4117.862913936633,859,32,0
4030.0385304001243,213,47,0
8847.023013413842,436,47,0
8956.67285283707,852,64,0
9092.660887895321,508,46,0
3145.6419843851227,836,35,0
6913.647569265225,651,94,0
2723.615480930953,205,17,0
1914.1922324137533,381,42,0
1854.4782489002184,73,29,0
3427.6551324273046,516,70,0
4305.276621600419,76,17,0
8311.182218840133,841,81,0
1207.712023792394,77,14,0
7351.909215474993,816,24,0
5319.234592751161,768,57,0
2886.5739733331648,410,50,0
4933.2676494829175,614,57,0
3006.421277072456,106,61,0
5964.858732830677,845,39,0
4344.100789323889,551,55,0
1652.4112354979986,476,96,0
1174.6649148114102,826,36,0
5471.4898639005805,275,37,0
9025.106202528174,88,14,1
3446.1372887112784,723,27,0
7332.671071154006,881,83,0
6590.026935848272,77,31,0
9316.233593951716,77,73,1
8211.600362818417,442,81,0
5670.386536465575,540,83,0
6573.734677358732,245,44,0
8984.880801174508,578,68,0
4001.1926580234785,778,48,0
3274.679111519196,382,57,0
118.00272551561143,982,75,0
8267.245231172728,717,22,0
8011.797197029615,570,4,0
1053.5006358205123,713,81,0
5772.805237515676,737,72,0
4645.177164687205,142,46,0
1195.9038641360235,893,59,0
9805.876588336629,368,34,0
2154.811915758921,84,11,0
681.6694591047059,143,31,0
5952.525321224077,352,11,0
7391.278104558996,545,56,0
334.1100260113978,913,38,0
6590.589210882951,152,21,0
5327.59584075503,158,94,0
1041.6174386617336,446,10,0
1733.513530694157,653,26,0
5684.063230187644,958,91,0
2970.612558997751,763,8,0
9383.774129226647,303,8,0
8189.214892545668,624,60,0
9835.836393071493,656,72,0
2604.1116811146358,450,34,0
9697.53909165179,721,16,0
4318.026359217663,224,13,0
3481.712765184409,43,87,0
512.9917744238389,264,76,0
537.1249260174302,756,91,0
6923.19244690708,3,22,0
4584.710654395939,637,96,0
2272.951044100696,268,27,0
6143.563360189074,596,64,0
2536.0526013186104,16,2,0
5780.541225900782,334,97,0
3598.4953823570763,464,26,0
8237.286743852072,59,92,1
8208.754646060126,177,83,0
4778.730477242789,63,69,0
3514.682902256806,958,97,0
3631.9723676253543,561,84,0
8059.088111425497,307,30,0
3288.5130331481437,246,8,0
2098.5031433313916,289,38,0
856.0365353343152,798,61,0
4672.2642776352395,955,81,0
4826.4996682092205,332,65,0
8410.678016925043,527,67,0
2220.174577496179,850,46,0
3816.1028239473153,255,90,0
8085.9733315479725,604,95,0
8237.999871382246,510,72,0
3852.2646490278944,791,43,0
4596.648992633942,718,59,0
3039.8260495843365,606,46,0
9326.223235408928,737,72,0
1195.2512197583874,813,35,0
9338.156735784685,830,39,0
6841.825853835079,463,92,0
5320.405805340444,199,51,0
336.26401723711376,271,4,0
4761.205956301863,746,80,0
4083.4035689772954,558,77,0
1620.5759316314743,64,84,0
6567.531938971562,230,51,0
9711.797564609175,942,5,0
5626.266222534606,952,55,0
7150.385231675019,249,20,0
693.8200211345077,246,24,0
4182.493288211777,940,36,0
1172.4212667933139,587,34,0
6131.830397009739,157,54,0
9385.436760559405,735,34,0
6621.159547391669,702,83,0
777.262452661071,985,17,0
3553.1153878009777,564,5,0
5511.127160614107,950,89,0
4038.0454837711895,88,18,0
8338.103664646971,313,55,0
8148.563337052792,851,53,0
6122.191890831182,66,50,0
3740.8448718757254,662,72,0
2560.810373894809,20,91,0
1067.6844389491619,33,79,0
3555.427858030675,840,45,0
4137.593446905118,793,13,0
6761.471021789695,558,16,0
6585.016644732759,73,86,0
710.3803150161569,866,84,0
3958.6405611572663,825,13,0
1825.9708835014455,343,20,0
1576.558926114889,133,66,0
8274.748475875087,55,99,1
428.73301499541276,61,47,0
4197.636930262192,857,19,0
1690.3545211075168,520,45,0
8794.508854627955,272,37,0
5574.834727617601,246,54,0
2321.492557404712,176,6,0
5029.2485987921,628,14,0
7317.548733434127,317,4,0
9581.598909105143,783,86,0
2212.2555824117353,705,55,0
8862.955903572158,662,34,0
9343.698100533227,131,27,0
9165.041239875341,102,7,0
6357.78942505048,310,3,0
6301.90833780273,782,47,0
4038.0742255063897,292,97,0
7526.454844214841,722,2,0
5317.62724332581,495,80,0
6777.6063315706615,361,25,0
4290.294459449467,338,60,0
7317.649675790959,579,79,0
8246.470460869445,10,24,1
1472.898203462133,49,15,0
8330.967858586539,487,95,0
5407.562352585169,623,14,0
8448.21243181134,321,54,0
4318.704046346736,731,78,0
3796.61444897652,569,6,0
9151.456717847052,795,78,0
2519.180982808529,971,81,0
8443.681129608569,625,18,0
4845.365519368947,133,20,0
5145.8134710870845,583,62,0
3091.5981320799456,83,81,0
5734.691584183966,57,80,0
3258.859850799351,376,40,0
402.3014482741066,349,39,0
2727.266067390117,271,52,0
73.72664363184089,483,32,0
9783.764322697998,111,73,0
9657.814626099278,869,27,0
3957.6014217483275,887,52,0
7286.424834853064,76,97,1
3464.6029231201455,158,63,0
6714.220639288901,532,74,0
8056.246130029331,933,63,0
9468.094884475486,643,17,0
4008.1206357382234,329,49,0
7835.146849730916,122,81,0
2666.6252218148666,41,82,0
9903.419714898548,167,23,0
267.43829165586794,922,98,0
6039.2527769461985,642,72,0
6598.464756696758,23,13,0
6883.575115170547,279,23,0
1212.6719121029992,763,57,0
9385.912536896572,469,62,0
1820.0209577103271,400,54,0
6231.306498366012,9,20,0
2234.5340304396186,13,86,0
3079.0920060424965,924,52,0
5469.120831863962,923,23,0
4177.762251460119,819,35,0
1610.6537537552979,832,67,0
1717.6546601842745,52,34,0
4187.266433746368,209,33,0
7575.256952972252,550,46,0
8980.666822009407,612,81,0
850.4353459712346,705,45,0
3937.1080365184166,402,19,0
1011.4531815915375,191,94,0
175.75888151965285,51,87,0
6620.569639613126,393,15,0
6028.469925246212,653,78,0
1638.560947010713,680,66,0
2345.7902025997105,823,39,0
246.84045890873864,621,18,0
8351.122584887093,719,70,0
9747.15905452503,939,59,0
1363.2407725789612,300,32,0
2322.437385515328,622,21,0
8685.41114422987,196,40,0
9265.373341582286,417,92,0
4202.077554240035,664,27,0
515.7184979680505,420,2,0
403.5244185912658,755,97,0
5743.759162029414,640,80,0
3935.0221378428582,617,39,0
296.23775150076864,522,86,0
5836.691399202442,356,56,0
122.9123405243345,148,13,0
7875.845861911237,365,56,0
3071.263898806682,364,66,0
412.1774500622287,971,78,0
5887.638687621702,652,56,0
3982.867300186216,702,28,0
9738.266129437923,402,64,0
5446.544638411985,606,71,0
2759.639418559713,492,82,0
7097.294257693408,229,64,0
2722.205105401686,575,56,0
9043.390481161576,852,41,0
3753.4724853686907,537,41,0
5503.18694213429,268,4,0
515.2253072040463,405,57,0
4266.951167142785,793,30,0
8325.31176121334,11,88,1
8058.431565579786,320,84,0
2250.9424029467273,713,46,0
2268.529919395521,126,56,0
8174.880069010235,306,31,0
9304.680217491561,702,88,0
962.6556035173055,511,7,0
4506.08580786799,89,90,0
3381.1682468526474,355,77,0
8708.177670019819,628,54,0
844.4138976533875,352,8,0
2119.1481661547937,689,55,0
7527.158692489078,14,69,1
522.4255513223437,257,44,0
4930.4284533357495,209,13,0
4426.649276450403,281,93,0
3350.6677780975992,443,20,0
3951.7774300360484,840,78,0
5304.106463433027,837,32,0
1622.0599102999474,389,60,0
5724.238824053092,617,50,0
8056.268969706864,483,27,0
7604.007688603689,147,25,0
1547.4600478907992,279,52,0
1501.0022027173243,521,68,0
2689.061933771684,630,21,0
3617.1365161469616,606,18,0
4090.471258270741,434,39,0
6800.175196165119,144,15,0
576.2375173366956,289,53,0
356.3803152184032,386,38,0
3925.186523809651,14,48,0
6974.665284458425,257,52,0
1942.4190761352609,346,88,0
6418.629767749954,698,72,0
2605.683098023592,345,28,0
8862.000227047029,400,85,0
8957.942543223498,207,16,0
2979.8991707704517,858,16,0
2307.637602092773,943,35,0
4118.92668094165,172,17,0
2412.9105359496857,464,73,0
6727.114594484119,270,99,0
8262.386198637372,221,52,0
6734.190387803058,152,93,0
8245.260968021,623,82,0
3975.9517004526665,183,12,0
1571.60653738152,399,83,0
7382.129964501945,851,48,0
3611.1403063641233,72,22,0
6715.995544039034,418,49,0
2713.732980397839,898,52,0
821.48405171866,283,79,0
9925.892136922756,74,1,1
1570.4530642266868,355,66,0
9884.325729695176,727,64,0
9773.026526338808,497,8,0
7940.242858041316,328,86,0
6597.6353911991555,988,25,0
5782.292432008336,535,66,0
8662.354438324568,580,73,0
2901.5008209786847,910,73,0
4682.135312723922,447,77,0
6197.705793971354,373,70,0
4117.792853936216,362,94,0
4280.5896763617775,93,79,0
3309.5438283458234,321,51,0
5646.675848678515,324,53,0
8507.239534871009,384,15,0
2023.2684962830654,575,50,0
9344.98605714688,736,71,0
6893.985660944814,737,75,0
8234.499394673501,881,38,0
5566.345019373816,346,40,0
7797.3718472263945,849,66,0
171.8419694212774,103,39,0
8185.6204435475565,215,74,0
410.98720226281154,192,17,0
8900.234629864995,672,7,0
9919.707844914046,884,39,0
2947.7339471460105,719,68,0
2111.0823772950785,781,35,0
7655.980004941826,194,51,0
2537.7331457933296,380,47,0
8656.968207890313,403,36,0
1037.3974956531922,664,64,0
1268.292411829789,749,95,0
9791.72403545515,600,89,0
6741.650593717346,11,13,0
8470.403372045239,187,18,0
3250.0504797416647,726,21,0
6768.072657710838,15,65,0
5946.475854812886,778,8,0
6035.46970002824,297,48,0
6828.499270781838,411,85,0
5757.838139559694,956,43,0
4296.333069333633,585,53,0
2766.467716861663,52,85,0
7688.127495822888,640,27,0
2270.46157573183,28,19,0
6926.619518482597,577,23,0
2340.9948982667734,17,50,0
6257.048397844995,351,51,0
7473.311888618999,428,43,0
2194.9517501763266,650,99,0
608.8335756044697,831,51,0
1318.427692511799,229,69,0
6063.909703037544,766,41,0
8495.969598195097,989,72,0
459.5182441418894,210,11,0
7344.171077826046,431,80,0
3419.7732730410207,294,88,0
4790.49841549603,743,85,0
9289.3069029572,753,52,0
3326.3953323110964,582,23,0
4658.715970055466,104,49,0
146.68732345920424,204,38,0
825.1712128483352,53,47,0
2593.3299954364925,974,72,0
288.24388580253327,940,7,0
6317.439507222027,375,66,0
4269.719584448209,842,94,0
5485.97057525294,54,77,0
1754.7253871043322,276,62,0
2966.360974071795,335,87,0
6641.606503778724,31,29,0
9653.374209067693,135,38,0
513.6635682860699,58,84,0
8904.939365344108,105,33,0
5773.0432010989725,266,29,0
5643.556471888681,522,79,0
5007.782566725526,496,23,0
703.246918182792,253,3,0
907.8697488442451,295,93,0
6013.11093653427,668,45,0
3416.1761286412275,158,8,0
9173.50798511103,549,86,0
4071.839468221128,631,29,0
1441.3817724393843,67,2,0
7150.04114668534,754,50,0
2940.6006801956883,299,65,0
5259.448370485373,463,20,0
6981.3495271966485,725,52,0
9003.638470908683,820,85,0
7923.990036068744,101,37,0
6766.847068048513,56,72,0
6799.535492127485,332,27,0
9459.787193880544,836,47,0
2965.282733990395,751,99,0
21.109821019912204,393,6,0
2726.826048388005,743,60,0
2186.7348824711726,874,45,0
6621.727505288842,381,44,0
6340.778881657635,92,83,0
5938.679213220191,791,18,0
172.27199766244246,447,65,0
7290.492763961968,109,25,0
3242.0688207300605,317,27,0
6653.909330176245,168,7,0
5570.2185007365115,812,44,0
3433.8819450247925,982,29,0
1354.4169083700365,920,95,0
953.2447876282047,435,44,0
8316.868147791114,442,36,0
9184.791445394765,218,19,0
6501.3825871753525,222,6,0
1043.3068074562289,673,25,0
4026.2518967135247,528,31,0
7292.102609050521,278,9,0
7800.41063126058,569,84,0
1191.004036687975,574,74,0
10.306881265370334,875,37,0
7124.249088347244,466,27,0
3572.3957981021945,839,13,0
2552.26850286642,754,41,0
138.84572319735915,602,66,0
5407.591073547382,584,85,0
8512.995846905558,838,97,0
9576.740146263153,30,24,1
5661.792056626759,359,44,0
5149.468664121543,919,98,0
859.7132910375186,288,60,0
5493.239287410572,86,9,0
3805.990998864292,234,2,0
6075.2814560269335,747,56,0
3893.3762152867016,313,30,0
2410.5882432691637,365,22,0
958.7030995314813,777,75,0
3156.0352614430685,799,81,0
975.4818945346452,839,13,0
1777.2005387315994,905,71,0
9873.488224209665,269,16,0
4446.59453349712,698,97,0
5323.398947385115,131,45,0
8737.449102084782,803,65,0
9955.73331590197,993,11,0
5831.317348953368,789,70,0
8126.6134722312745,832,20,0
3276.140833123386,351,99,0
3064.382134898438,180,63,0
4033.0101727356564,802,90,0
6728.347554109755,480,12,0
6825.094975658437,889,62,0
3159.2419521480138,163,94,0
1340.7671421249206,783,92,0
6327.63860209043,888,91,0
1291.9753632657576,96,42,0
5789.140157211007,774,83,0
6937.287059282527,510,69,0
7009.108848980572,365,58,0
7537.186385489372,981,5,0
8729.86562144099,353,27,0
5004.590329728237,800,28,0
7305.189403400416,436,26,0
6195.535626304709,83,91,0
1874.5329985788487,225,49,0
266.6395522453876,412,21,0
2852.568442912568,735,1,0
4435.906726312818,981,92,0
6174.8883848422765,118,58,0
8501.093711727022,482,79,0
1970.4947098945947,192,55,0
1264.2424010857862,591,81,0
9635.164675268532,590,26,0
1089.365148170307,659,84,0
4790.12579037082,107,25,0
5859.781650645085,382,77,0
5418.330464865308,783,33,0
869.4612487591025,390,89,0
579.6988708961575,244,72,0
1063.7794403357464,585,69,0
5860.020961887399,869,6,0
5448.005427466867,468,23,0
2345.070512447075,866,30,0
6381.36367703746,934,78,0
8202.474345535937,538,54,0
425.3738088674717,210,87,0
4986.3181360449435,604,11,0
6896.211016905876,637,31,0
2530.596151426174,947,6,0
3084.6313438785596,73,11,0
6140.242650863945,992,77,0
8980.373581502932,635,12,0
8101.144958825965,309,66,0
5835.470888804839,696,53,0
7304.91496039492,699,99,0
3654.576477375909,710,36,0
6413.24562570659,590,17,0
4667.154095364294,860,28,0
1907.4620032110336,186,92,0
7020.365356033799,856,22,0
5569.081727114732,253,7,0
3592.629603716378,13,15,0
9114.278508885522,299,96,0
219.13183708906533,76,11,0
3164.573780982465,51,24,0
578.2451637986891,787,67,0
7667.607889054056,149,30,0
7024.053466596788,731,70,0
3320.2086651758073,122,66,0
6759.872393048659,211,61,0
3965.412889697539,280,78,0
7564.975376310119,538,41,0
4547.294790739694,685,82,0
4128.674481038339,156,51,0
9347.951855728126,238,44,0
2516.282207908095,376,95,0
1213.2689265656886,82,13,0
5849.585701461987,492,90,0
9693.524904718948,356,12,0
3784.613745134595,925,82,0
629.7472686515274,273,9,0
3399.659620422579,580,85,0
5064.257226652388,44,48,0
1627.610836255815,573,49,0
6584.441158384356,123,53,0
9977.516396211904,349,56,0
4522.877365054624,708,40,0
3553.7382817348243,330,24,0
4013.0346266763217,409,98,0
1160.3103221680594,991,72,0
8833.903278247975,323,33,0
4154.108298658306,111,23,0
3878.871370134165,770,77,0
6600.305826575439,89,54,0
4425.913875101924,433,53,0
6485.852353390382,710,49,0
623.8484384065672,794,78,0
8139.096203785052,712,78,0
9405.634489265232,99,80,1
6491.166207732265,539,49,0
9546.11362929952,601,60,0
1522.8088205559334,146,90,0
4779.387732908734,694,90,0
6022.0492721150185,257,65,0
5821.5491077376555,189,32,0
4020.603173099542,240,79,0
3387.463249568951,871,21,0
1276.9719852786839,899,18,0
3923.507081117159,503,94,0
1634.9815429037965,708,60,0
7346.313108157262,809,13,0
2096.221045590954,677,24,0
595.0673997924932,819,30,0
5528.137716794171,271,2,0
5956.345029866822,520,83,0
8720.41148219225,550,25,0
5774.0463080526415,114,50,0
3461.353728697223,339,14,0
8032.088696447942,568,6,0
5407.386142942337,943,76,0
802.0100434656056,986,84,0
5662.847097529334,359,87,0
9081.105268762407,650,30,0
3969.1631287272235,614,30,0
2970.2947609790026,334,38,0
1443.2598756100203,689,58,0
1522.9407641342195,169,94,0
4333.387128574771,339,41,0
5960.84144337368,798,94,0
815.3478976443215,261,57,0
9396.290204361405,887,36,0
7553.784838277507,735,64,0
5870.37294365379,199,98,0
8286.10232268052,211,16,0
811.0657005530118,287,88,0
4773.620388553913,692,78,0
6304.630337348018,762,90,0
8288.242532121709,743,72,0
7836.860904892184,472,14,0
2777.9218046368624,482,31,0
9409.392893896451,23,66,1
1252.2149558943947,560,68,0
8752.58485002531,109,65,0
9709.693093550139,296,55,0
1779.7636969940295,6,84,0
7223.439981395815,550,78,0
412.45233259220464,681,40,0
4060.174023140158,868,25,0
5167.6701589847635,795,25,0
5810.645806837244,203,3,0
9360.01311000311,325,69,0
6725.784366069005,825,26,0
4817.966732680177,785,40,0
8098.653612296234,244,38,0
9505.822881334545,327,38,0
230.4408253360855,987,68,0
9825.387509837827,47,7,1
870.4600692461665,761,94,0
8145.723924894926,591,30,0
2810.544177988611,622,19,0
1330.4747809611788,13,35,0
4404.157840741211,907,33,0
6443.126228681659,380,33,0
3815.7089317845152,365,78,0
555.1084287441626,602,38,0
5998.616785190579,342,10,0
9025.00872834564,860,57,0
3838.3215058130445,792,28,0
2171.164448531962,221,78,0
4431.3476858688255,73,38,0
493.1434833773209,746,16,0
8206.670968957946,772,21,0
8265.144701392366,625,92,0
5884.1246296619875,46,97,0
3537.497860494511,504,6,0
7999.835810813375,274,41,0
5551.323377635788,555,15,0
8261.063762414662,208,3,0
6318.273337904376,929,43,0
7846.210677395845,861,47,0
5989.644302245422,615,99,0
4147.269271474505,124,14,0
9579.879140662115,10,66,1
5415.727110539659,329,29,0
6054.844290219979,187,4,0
2212.671517753345,543,26,0
6260.251386378492,668,12,0
5720.360418334609,60,2,0
1856.5355954907793,761,17,0
605.2751025579057,899,35,0
6047.549603950563,886,10,0
7639.285770809702,951,86,0
5238.779695510862,782,43,0
2275.4585269432605,442,21,0
6668.554547163419,217,15,0
810.2562088299264,911,35,0
4423.918710971527,2,85,0
1642.0339164002178,536,85,0
1852.7459200882347,718,85,0
2030.9165520904544,832,60,0
3873.2034998693393,711,44,0
520.9905541477723,356,96,0
3983.956474881691,626,5,0
5121.957396675862,792,73,0
4838.109906813589,667,18,0
3834.0131630263754,165,21,0
8393.074614626817,998,72,0
1461.813657280836,734,98,0
5061.910470375926,91,74,0
629.7937553959774,167,51,0
720.8452319903183,959,41,0
5742.919838274192,207,24,0
5664.524064629331,282,24,0
8781.554793316125,65,96,1
5583.158019844131,888,97,0
9598.312293844454,516,38,0
496.4615355152984,157,44,0
989.0967709596033,761,57,0
450.2179570881101,769,59,0
1860.9157348320648,747,34,0
5417.288408307364,306,75,0
6459.266092460006,878,95,0
465.39572790720126,982,82,0
9460.249189557537,395,23,0
8423.232112737307,74,86,1
2973.1586967493604,187,43,0
781.1034269624149,574,82,0
1707.1718614583822,337,40,0
1278.174693412177,676,47,0
1241.604955196479,568,41,0
5190.431269770682,623,47,0
2466.0159505090687,730,20,0
3587.815768126153,240,77,0
9895.158280509382,533,65,0
6846.2993467641945,141,68,0
9490.316863799544,265,24,0
1434.1399847808248,139,36,0
3827.573353577367,459,45,0
5551.7707147907195,70,2,0
776.8130382684927,385,28,0
51.832561843299075,630,26,0
6707.6389946312065,198,23,0
6421.776972846339,205,79,0
4113.780211896122,726,36,0
4901.544319560006,568,91,0
4160.275575914975,799,6,0
249.81039800043968,982,35,0
3360.36234611245,805,38,0
1779.0517314189253,687,35,0
993.2576491226737,859,74,0
9567.637134554605,882,94,0
5997.603653171234,974,53,0
7289.27627952366,640,38,0
3160.483795228514,431,93,0
3937.539823645212,890,59,0
2376.8706990282676,325,43,0
978.6870529445932,442,4,0
1798.5260580414222,804,5,0
7977.165312511894,288,68,0
6778.68259378592,226,45,0
5473.819471094915,64,80,0
4756.147829939013,967,25,0
9225.118493724684,938,78,0
736.6221283088973,560,11,0
2813.2021242467804,714,29,0
3505.8791571714332,498,34,0
7826.43386400575,849,86,0
9925.221055418093,926,14,0
2414.298442423959,917,24,0
8744.330268029435,60,59,1
8307.921376713595,397,39,0
2254.3274024412485,257,26,0
3999.3324761902336,577,43,0
4102.631964232266,239,36,0
9782.424478580317,801,39,0
1817.1100947751943,38,61,0
7993.588131336773,25,16,1
3348.585214589368,410,59,0
7311.394754303842,461,96,0
4205.909932913672,571,6,0
5787.814033534235,988,98,0
8327.791615528049,417,56,0
8043.613994189002,357,8,0
8665.567603561605,383,94,0
605.5770801931436,809,27,0
6923.585024867051,158,71,0
1408.473893450411,569,27,0
4164.0274945039255,433,89,0
5490.398266396338,48,46,0
4033.3674526208392,328,41,0
5200.920641272045,433,79,0
9965.297824898205,431,25,0
1360.8209639914187,56,86,0
6757.805892910891,577,18,0
3966.049654192296,268,12,0
1338.7678910842146,69,87,0
1595.7802661093522,728,51,0
9493.238331393713,902,39,0
8797.218952150502,601,89,0
9071.349184546068,449,10,0
9915.412430515591,793,94,0
2091.0707461850943,257,74,0
3560.8389802669767,672,98,0
6695.498108949419,490,77,0
4843.187373207866,746,54,0
4189.711438449552,643,29,0
3584.5343808625744,49,41,0
5941.868513115088,659,9,0
5760.178352114419,316,63,0
1622.9637623017584,413,77,0
4722.680976809206,434,37,0
5539.183044336401,2,14,0
5707.166517926591,841,73,0
2108.9708571943947,952,72,0
7425.291208600345,145,39,0
261.73895726248566,956,40,0
3554.7702368761948,366,54,0
7804.324358870979,420,3,0
5643.290281343469,573,55,0
2619.012700783494,785,33,0
6952.581662237047,561,96,0
5678.2355321191735,844,71,0
7964.473658469308,444,19,0
7352.901610036335,916,34,0
6104.978141141984,434,78,0
4886.894976355032,643,50,0
1340.489435418559,555,47,0
2620.716848674984,57,46,0
4196.803734441682,562,56,0
5996.999877193823,964,57,0
5141.941473600895,977,83,0
2888.9634143356993,178,51,0
74.5789343192084,293,54,0
4967.429826789131,46,90,0
2863.4036257368084,170,81,0
7348.736924098245,271,28,0
249.22319005213006,417,19,0
5852.429834944851,848,27,0
9415.327632685594,139,48,0
1752.3485784438801,247,19,0
4721.778412598448,148,97,0
923.3056982532104,230,51,0
6260.562303490912,792,7,0
5509.811489156294,637,29,0
4079.581586886195,704,43,0
5218.556444522675,374,69,0
8966.780838105411,80,94,1
1970.9800800875596,606,58,0
235.41947193641886,738,8,0
8618.03219814402,65,42,1
5775.399653055186,88,76,0
8907.677970063805,88,42,1
5973.482781897594,713,13,0
8103.509288697428,726,26,0
4302.436899917928,204,18,0
7501.1007135698055,913,42,0
9131.284254229662,382,51,0
5725.508407584841,601,84,0
1816.0436541181716,476,16,0
2695.28817415168,573,3,0
1994.4593232050838,783,91,0
2476.1017056813716,606,79,0
3071.0903390168532,819,98,0
5555.786529664353,539,45,0
5884.03637834369,214,22,0
4270.732474946192,74,23,0
6158.053590410146,61,59,0
824.9335068575456,698,62,0
887.004488211018,543,68,0
1726.5763089730078,219,54,0
5185.5942054230445,12,57,0
2147.8068401961527,814,23,0
2840.0111908908475,415,60,0
4009.125233368211,32,73,0
8120.542578863695,160,88,0
148.48273776947258,237,85,0
6497.294414163858,739,55,0
6692.076545096446,181,80,0
7988.571245762799,829,63,0
9328.201861212528,558,56,0
211.17711100340537,341,55,0
1546.2992180770298,458,25,0
8862.85122761937,80,26,1
4590.600436248284,647,49,0
5650.2604829453,772,63,0
6633.641765194242,987,45,0
6793.875378911417,820,73,0
9318.086629131916,759,79,0
9969.52467994258,473,39,0
7204.373034700093,671,97,0
2879.3398799594565,715,65,0
8798.726498920492,112,69,0
501.71693626220843,980,56,0
2318.497720216217,292,9,0
8974.883317462512,950,70,0
2569.353229249156,822,28,0
2214.3040856212674,631,45,0
1389.87167847107,383,26,0
8592.526458892697,17,28,1
5005.582009318956,493,40,0
6752.183098511006,331,15,0
2398.2731769095462,926,6,0
7582.823805902053,739,27,0
7602.455394171364,873,38,0
3132.8542688339185,486,68,0
4112.719503772726,406,75,0
2104.8058715277066,117,85,0
9765.844622995814,555,64,0
6459.569744813532,880,30,0
9346.093368348,115,82,0
3040.8215808550403,795,99,0
7821.090220838928,549,3,0
7660.927852408573,814,62,0
6919.63996214675,625,12,0
9656.733362915336,547,91,0
3941.6178077020923,644,30,0
1315.8660626616754,336,85,0
6720.371503848167,336,38,0
7295.80490676729,981,85,0
5754.855128853558,922,60,0
2076.110752402629,889,38,0
5049.51485727686,740,15,0
3128.7754683256026,147,18,0
4280.390616385223,122,52,0
6455.733572688193,81,29,0
7454.695279481437,685,60,0
2329.9246621044176,666,21,0
4059.200352863064,662,17,0
2698.9240942063757,375,18,0
1994.3298224800724,570,57,0
7836.038327758425,63,37,1
9093.434417425555,504,60,0
3708.6195349889213,668,38,0
7515.276454493931,449,12,0
8970.982940750468,428,75,0
8462.780863197013,868,84,0
1836.3057515068667,427,73,0
9563.355896318479,421,1,0
3772.99763989033,322,58,0
3399.014205126625,913,3,0
633.6889595050255,680,63,0
4866.874804507781,166,21,0
1099.0460202528777,597,23,0
2492.912811064986,957,9,0
3176.256791455141,649,83,0
8090.174971681923,461,55,0
8756.131617455007,459,19,0
3031.6385114400823,189,62,0
8588.394231233293,464,87,0
8573.737064324212,912,91,0
7648.862994344887,379,91,0
1475.4841890116636,2,39,0
6906.325240538283,618,76,0
9450.790405159882,364,27,0
6828.579382883899,72,46,0
3322.8523225872614,427,34,0
5010.787381134004,638,33,0
6460.793183077026,170,92,0
5110.598383197751,205,95,0
1208.3298878923886,825,96,0
3127.519806073686,337,50,0
8025.936345230789,999,20,0
8615.566280494219,472,40,0
1381.6273268285465,195,99,0
9524.34365646326,670,95,0
3294.9379523076072,653,58,0
6626.514249919893,275,31,0
7520.7332081072445,7,38,1
8121.342884032455,905,86,0
9458.039525237042,979,45,0
3136.066284807938,566,41,0
8586.479480970029,616,9,0
1325.5521653277083,854,9,0
7053.358654472391,850,63,0
7422.357517844719,573,79,0
6780.455179601191,599,77,0
2530.6242139901783,770,22,0
8731.701038681882,178,16,0
1696.8960490702461,242,32,0
545.8115672931001,203,66,0
7177.4752562130025,543,90,0
4760.00239517501,801,14,0
8492.489219387175,462,38,0
3840.137439172007,80,98,0
1691.103099192051,523,8,0
8366.057502773998,417,21,0
5493.607220084316,766,56,0
1900.0659659796454,384,46,0
7206.636145878593,391,43,0
5116.02524851011,896,92,0
6047.086692580795,799,46,0
4614.374398683753,688,48,0
8288.802748341885,126,70,0
8297.331529673667,494,84,0
7096.794330025618,47,31,1
1062.959760190658,718,33,0
8390.150080421648,476,44,0
6713.419675523769,949,71,0
6973.271418382952,619,8,0
3636.1985756346776,464,73,0
8794.002766008496,787,2,0
7256.462286346226,849,17,0
1134.7787606266527,123,52,0
4083.702563717565,474,45,0
8864.939815981816,134,37,0
481.49504995681616,619,42,0
9614.552030224075,817,44,0
6794.834057512432,841,81,0
6317.446016657333,562,38,0
2712.886972315034,849,99,0
2495.4299695043787,607,94,0
9421.161612691069,780,6,0
2989.741817798886,23,68,0
7757.297914222804,566,51,0
3937.2867640887207,886,35,0
1401.1481671391928,766,58,0
117.0458239766359,965,57,0
5447.130796782356,235,73,0
9758.030397303837,996,6,0
3697.670576153953,59,13,0
3578.351416590518,164,59,0
3447.4752623159266,771,86,0
5210.232934675536,826,92,0
4412.242185408692,216,30,0
8800.347121002875,183,2,0
5060.152709317668,569,58,0
5082.500803503802,657,36,0
1392.3322312583605,935,72,0
9827.568013694756,90,45,1
2507.2291797796083,964,9,0
742.9070339214306,311,65,0
6634.831027262336,557,77,0
5957.710037867158,972,50,0
4157.3050833875295,257,79,0
4227.700416467974,533,32,0
7852.788571253847,979,98,0
1965.169274595494,533,43,0
8204.330656259448,52,95,1
6490.9836678112315,338,78,0
4195.508040057449,171,54,0
4585.705879672848,948,47,0
2573.905599789097,67,14,0
7523.6221836427785,625,48,0
5133.618675629625,300,55,0
3215.3368820709375,672,29,0
5964.540656451893,778,47,0
9957.387175992717,832,63,0
4358.270173768973,232,19,0
9207.70709377841,975,91,0
3456.7182308464153,837,9,0
556.779742180609,68,37,0
2050.3786426206043,506,92,0
4192.764481843566,28,52,0
2204.1529366597442,949,57,0
12.26811180037282,628,88,0
9150.865362097797,51,28,1
8440.35531819698,693,36,0
7425.499392554601,260,64,0
1686.467810503826,591,18,0
1212.4321263377608,785,89,0
685.3714472291077,620,35,0
7243.051595841483,963,68,0
9288.791527271975,586,78,0
4311.05285092124,687,39,0
1200.2153132405213,184,90,0
5128.804279113745,23,8,0
3494.830755511715,786,88,0
3754.500994256477,129,80,0
6217.092935315516,291,84,0
7189.993951489401,832,15,0
1114.9299527428768,501,7,0
365.5464057566991,186,17,0
9943.359723830292,479,86,0
2334.9562056663626,571,86,0
547.7669438355061,492,64,0
1906.8545376682405,513,12,0
399.18888502115755,643,82,0
3924.190837225545,67,56,0
8025.9938266687295,805,46,0
3419.032053079629,467,47,0
4447.392234714882,285,79,0
6759.111867938714,601,16,0
5093.851759998103,417,69,0
8615.842403353028,100,2,0
8661.696393707107,189,92,0
109.00784795662489,989,54,0
7782.68260176716,890,27,0
4612.728666414322,858,31,0
9888.517007623594,388,41,0
4837.488437995597,241,36,0
9869.090494429092,782,47,0
7548.147918445308,731,43,0
2493.56279728693,417,65,0
5388.565843076707,918,50,0
9921.435038391042,176,93,0
8576.730771441718,387,1,0
982.6952689742988,471,72,0
7066.656248131861,853,57,0
3462.3400628494223,233,16,0
79.75279618467769,663,28,0
4040.774880579726,452,86,0
2355.1966730324634,277,82,0
8190.50401249951,229,22,0
3379.9327823691974,171,41,0
8276.961702598634,735,76,0
15.973408959605132,213,19,0
3085.11330876093,282,89,0
2419.240490934542,41,50,0
2343.3379370754237,122,59,0
691.1843314569724,227,69,0
1879.3714614009123,294,34,0
5559.940203157343,600,39,0
2920.6971176490674,267,74,0
4179.773875468188,541,7,0
3774.900134668413,759,52,0
8760.290200748947,828,60,0
9053.93700011505,451,52,0
4934.640146842042,449,79,0
3308.257943652888,756,24,0
1076.9390329836126,61,26,0
9534.49476502713,502,90,0
611.6671795539716,147,90,0
2983.5262729071214,686,10,0
2987.6813496883415,945,17,0
3210.808848540747,790,78,0
1651.2255642913688,334,2,0
7833.782694927735,881,77,0
1233.7536410402322,953,27,0
6352.717524940096,891,73,0
1247.2218067911165,142,71,0
714.651019553636,44,48,0
9095.200741821905,144,74,0
1909.3863755238697,865,9,0
8214.289044051446,333,86,0
5450.862402360287,998,23,0
787.7866308916083,497,71,0
9554.927432466295,396,73,0
2477.1420582490064,55,27,0
8597.85700007254,307,88,0
1696.4119577877962,870,93,0
8540.88939259711,423,81,0
142.1558409238869,417,84,0
5122.686761129112,673,71,0
7696.731368421352,797,43,0
9348.607219752905,325,7,0
9092.929340702805,710,92,0
8198.052446780974,671,83,0
8883.031583116428,80,63,1
2000.2046615123943,31,84,0
2849.0011141601703,985,44,0
2896.7955639613747,112,39,0
3776.7687707069713,558,40,0
3939.273497148035,865,7,0
5450.107693300208,717,70,0
1607.1988360307494,564,25,0
6915.554171222033,650,59,0
1683.9897276520198,472,13,0
3109.98173622443,74,86,0
5038.417854755479,553,81,0
7966.441209619538,479,86,0
7397.297640054885,589,98,0
6458.888220541117,387,62,0
1566.1748731958999,699,8,0
5474.9830026996215,882,45,0
883.5905529808556,564,18,0
3779.858136198541,930,88,0
4141.030137596692,433,60,0
407.7162800630807,412,60,0
2747.1411137050186,467,2,0
9556.93817799223,599,66,0
9536.789752218598,621,91,0
3529.7472719828675,992,14,0
440.5700883937573,909,48,0
1799.1584438885336,737,56,0
3928.255756401066,994,12,0
9478.319182712605,993,96,0
1420.5786447364774,248,92,0
7637.52327824544,581,55,0
1095.7385683531738,120,28,0
9812.763198138855,67,89,1
3822.3488261002585,573,4,0
7754.59304360157,956,90,0
3432.484917283207,327,36,0
6280.412082816499,920,50,0
1928.240686552967,703,3,0
1468.7499827766558,470,1,0
9381.260754285631,493,17,0
9177.29630626529,701,71,0
8875.814712726695,663,62,0
6258.0801671642685,286,48,0
8084.59943005062,956,62,0
699.6789997446353,914,69,0
3354.5425284878847,608,19,0
3143.894216323991,312,34,0
6360.096766306607,309,99,0
3566.0181569716988,775,49,0
1493.5827486203714,97,80,0
5968.706083381302,965,47,0
8145.695367484124,113,91,0
3827.413709655132,988,50,0
1331.3644638338321,637,89,0
1974.9150911551023,456,26,0
2382.458218642146,463,56,0
3005.976954015417,948,78,0
6431.522754358029,132,14,0
6013.445390531813,930,78,0
6963.837817054721,965,25,0
3631.3948254698166,929,4,0
8241.736542280983,121,79,0
2048.835734946045,197,32,0
4695.717067706358,806,82,0
8011.377828198889,482,78,0
1809.7848908488663,634,65,0
1107.5325062704217,794,61,0
8838.002837203017,897,20,0
3435.867330964367,772,74,0
6841.86254784123,39,10,0
263.23255659674544,566,88,0
6903.568415210401,512,34,0
3167.8521023542353,474,61,0
566.8511273385429,161,92,0
6102.02948786569,289,27,0
2415.630122571001,200,40,0
3874.204348098281,788,65,0
815.0023147422708,528,33,0
1480.1608784385037,917,68,0
2986.7925826034793,685,71,0
906.6974105959698,503,9,0
9109.154384216288,248,16,0
70.4099614079444,383,5,0
4843.763586454471,218,98,0
1241.242106744189,87,23,0
3083.7141038847058,82,43,0
9261.335002584472,62,89,1
1625.3285872071287,799,57,0
9658.664873986143,500,51,0
2065.885826124323,42,13,0
7418.245423583628,12,24,1
5471.305876324144,833,11,0
8845.942488691624,746,52,0
5544.392622476278,841,17,0
5350.246599371523,643,37,0
1962.625423680315,115,13,0
1670.6313268960707,218,62,0
9165.726619643987,649,91,0
3285.1036065118406,106,84,0
3727.1017270793304,691,97,0
7600.6383476996,528,96,0
3394.8465894038454,472,8,0
9521.103841923637,754,56,0
7381.898412298015,846,93,0
5978.318133308466,893,83,0
8810.142653842076,387,70,0
505.5630244113327,226,44,0
2578.0562949701953,481,60,0
4655.712978866891,754,41,0
2277.515609320495,408,21,0
7441.6128211484975,457,86,0
9192.888230226714,653,42,0
4243.463498109924,898,74,0
3427.9046751178307,711,74,0
9615.891814054286,624,29,0
4454.075803947133,639,80,0
4895.593520488339,21,65,0
3522.9822246956346,659,17,0
9096.389245391263,601,30,0
5693.865277985689,815,26,0
7624.124125944631,918,53,0
8119.949116325355,203,19,0
3425.0719287534093,417,53,0
4342.606369890596,416,85,0
8486.233026318583,448,17,0
3638.9209632413445,512,46,0
7941.411983183994,85,85,1
9410.513302518626,167,53,0
6235.87162694939,384,64,0
7418.85660164437,468,45,0
8052.922147290938,72,49,1
8451.94609247746,810,19,0
3956.5828451893917,997,71,0
522.1219571682217,521,81,0
4024.743949655028,793,65,0
6740.824735543057,473,37,0
4509.0003539501195,993,70,0
7492.1418770953815,258,26,0
3576.254470391952,275,2,0
6351.093969629255,750,59,0
1872.333850491206,20,96,0
7496.20067208312,490,5,0
5461.5027284421285,745,37,0
2048.60324158054,490,31,0
2926.1926232430947,733,76,0
7488.600998732505,326,99,0
4831.186344258592,529,94,0
2168.1540895267913,892,48,0
9673.039191799273,89,6,1
7154.0989479707105,486,15,0
9571.776977072563,708,15,0
4276.779403149829,350,61,0
4756.252403510288,84,16,0
8980.57260968834,387,20,0
5255.242909051392,87,77,0
7075.716329937615,307,44,0
2529.2070461803446,850,42,0
4472.797422339379,154,46,0
1243.2641594454476,440,95,0
2067.740558410847,740,34,0
19.42471852363456,960,64,0
402.25786597011574,264,29,0
9773.065393537523,977,3,0
2431.1134144162556,735,9,0
6636.47398794498,421,75,0
8392.605991008119,493,75,0
5511.097987773277,633,25,0
1539.9135558387225,993,86,0
7283.883208988302,411,42,0
6006.511586894835,173,46,0
7315.193387580277,4,73,1
7699.768762342301,854,84,0
9754.349573170604,640,59,0
5739.897167466833,986,21,0
3422.994715779112,992,74,0
6488.160923433368,472,22,0
693.722685333835,110,29,0
8974.999210032647,867,63,0
1202.6163032685859,37,73,0
3285.149950479324,992,61,0
8159.296352454948,583,64,0
5977.150659523812,801,69,0
